-- MySQL dump 10.13  Distrib 8.0.33, for Win64 (x86_64)
--
-- Host: localhost    Database: bus-station-db
-- ------------------------------------------------------
-- Server version	8.0.33

/*!40101 SET @OLD_CHARACTER_SET_CLIENT=@@CHARACTER_SET_CLIENT */;
/*!40101 SET @OLD_CHARACTER_SET_RESULTS=@@CHARACTER_SET_RESULTS */;
/*!40101 SET @OLD_COLLATION_CONNECTION=@@COLLATION_CONNECTION */;
/*!50503 SET NAMES utf8 */;
/*!40103 SET @OLD_TIME_ZONE=@@TIME_ZONE */;
/*!40103 SET TIME_ZONE='+00:00' */;
/*!40014 SET @OLD_UNIQUE_CHECKS=@@UNIQUE_CHECKS, UNIQUE_CHECKS=0 */;
/*!40014 SET @OLD_FOREIGN_KEY_CHECKS=@@FOREIGN_KEY_CHECKS, FOREIGN_KEY_CHECKS=0 */;
/*!40101 SET @OLD_SQL_MODE=@@SQL_MODE, SQL_MODE='NO_AUTO_VALUE_ON_ZERO' */;
/*!40111 SET @OLD_SQL_NOTES=@@SQL_NOTES, SQL_NOTES=0 */;

--
-- Table structure for table `bus_station_car`
--

DROP TABLE IF EXISTS `bus_station_car`;
/*!40101 SET @saved_cs_client     = @@character_set_client */;
/*!50503 SET character_set_client = utf8mb4 */;
CREATE TABLE `bus_station_car` (
  `id` bigint NOT NULL AUTO_INCREMENT,
  `car_number` varchar(10) COLLATE utf8mb4_unicode_ci NOT NULL,
  PRIMARY KEY (`id`)
) ENGINE=InnoDB AUTO_INCREMENT=11 DEFAULT CHARSET=utf8mb4 COLLATE=utf8mb4_unicode_ci;
/*!40101 SET character_set_client = @saved_cs_client */;

--
-- Dumping data for table `bus_station_car`
--

LOCK TABLES `bus_station_car` WRITE;
/*!40000 ALTER TABLE `bus_station_car` DISABLE KEYS */;
INSERT INTO `bus_station_car` VALUES (1,'000091'),(2,'000245'),(3,'000770'),(4,'000399'),(5,'000334'),(6,'000776'),(7,'000004'),(8,'000882'),(9,'000926'),(10,'000371');
/*!40000 ALTER TABLE `bus_station_car` ENABLE KEYS */;
UNLOCK TABLES;

--
-- Table structure for table `bus_station_cargo`
--

DROP TABLE IF EXISTS `bus_station_cargo`;
/*!40101 SET @saved_cs_client     = @@character_set_client */;
/*!50503 SET character_set_client = utf8mb4 */;
CREATE TABLE `bus_station_cargo` (
  `id` bigint NOT NULL AUTO_INCREMENT,
  `receiver_name` varchar(255) COLLATE utf8mb4_unicode_ci NOT NULL,
  `receiver_email` varchar(50) COLLATE utf8mb4_unicode_ci NOT NULL,
  `receiver_phone` varchar(20) COLLATE utf8mb4_unicode_ci NOT NULL,
  `receiver_address` varchar(255) COLLATE utf8mb4_unicode_ci NOT NULL,
  `cargo_price` double NOT NULL,
  `sent_at` datetime(6) DEFAULT NULL,
  `description` longtext COLLATE utf8mb4_unicode_ci NOT NULL,
  `ticket_id` bigint NOT NULL,
  PRIMARY KEY (`id`),
  KEY `bus_station_cargo_ticket_id_2e05445c_fk_bus_station_ticket_id` (`ticket_id`),
  CONSTRAINT `bus_station_cargo_ticket_id_2e05445c_fk_bus_station_ticket_id` FOREIGN KEY (`ticket_id`) REFERENCES `bus_station_ticket` (`id`)
) ENGINE=InnoDB DEFAULT CHARSET=utf8mb4 COLLATE=utf8mb4_unicode_ci;
/*!40101 SET character_set_client = @saved_cs_client */;

--
-- Dumping data for table `bus_station_cargo`
--

LOCK TABLES `bus_station_cargo` WRITE;
/*!40000 ALTER TABLE `bus_station_cargo` DISABLE KEYS */;
/*!40000 ALTER TABLE `bus_station_cargo` ENABLE KEYS */;
UNLOCK TABLES;

--
-- Table structure for table `bus_station_paymentmethod`
--

DROP TABLE IF EXISTS `bus_station_paymentmethod`;
/*!40101 SET @saved_cs_client     = @@character_set_client */;
/*!50503 SET character_set_client = utf8mb4 */;
CREATE TABLE `bus_station_paymentmethod` (
  `id` bigint NOT NULL AUTO_INCREMENT,
  `name` varchar(10) COLLATE utf8mb4_unicode_ci NOT NULL,
  PRIMARY KEY (`id`)
) ENGINE=InnoDB AUTO_INCREMENT=4 DEFAULT CHARSET=utf8mb4 COLLATE=utf8mb4_unicode_ci;
/*!40101 SET character_set_client = @saved_cs_client */;

--
-- Dumping data for table `bus_station_paymentmethod`
--

LOCK TABLES `bus_station_paymentmethod` WRITE;
/*!40000 ALTER TABLE `bus_station_paymentmethod` DISABLE KEYS */;
INSERT INTO `bus_station_paymentmethod` VALUES (1,'CASH'),(2,'VNPAY'),(3,'MOMO');
/*!40000 ALTER TABLE `bus_station_paymentmethod` ENABLE KEYS */;
UNLOCK TABLES;

--
-- Table structure for table `bus_station_review`
--

DROP TABLE IF EXISTS `bus_station_review`;
/*!40101 SET @saved_cs_client     = @@character_set_client */;
/*!50503 SET character_set_client = utf8mb4 */;
CREATE TABLE `bus_station_review` (
  `id` bigint NOT NULL AUTO_INCREMENT,
  `comment` longtext COLLATE utf8mb4_unicode_ci NOT NULL,
  `star` int NOT NULL,
  `created_at` datetime(6) NOT NULL,
  `company_id` bigint NOT NULL,
  `ticket_id` bigint NOT NULL,
  PRIMARY KEY (`id`),
  KEY `bus_station_review_company_id_0d496b4c_fk_bus_stati` (`company_id`),
  KEY `bus_station_review_ticket_id_37e3e16c_fk_bus_station_ticket_id` (`ticket_id`),
  CONSTRAINT `bus_station_review_company_id_0d496b4c_fk_bus_stati` FOREIGN KEY (`company_id`) REFERENCES `bus_station_transportationcompany` (`id`),
  CONSTRAINT `bus_station_review_ticket_id_37e3e16c_fk_bus_station_ticket_id` FOREIGN KEY (`ticket_id`) REFERENCES `bus_station_ticket` (`id`)
) ENGINE=InnoDB DEFAULT CHARSET=utf8mb4 COLLATE=utf8mb4_unicode_ci;
/*!40101 SET character_set_client = @saved_cs_client */;

--
-- Dumping data for table `bus_station_review`
--

LOCK TABLES `bus_station_review` WRITE;
/*!40000 ALTER TABLE `bus_station_review` DISABLE KEYS */;
/*!40000 ALTER TABLE `bus_station_review` ENABLE KEYS */;
UNLOCK TABLES;

--
-- Table structure for table `bus_station_role`
--

DROP TABLE IF EXISTS `bus_station_role`;
/*!40101 SET @saved_cs_client     = @@character_set_client */;
/*!50503 SET character_set_client = utf8mb4 */;
CREATE TABLE `bus_station_role` (
  `id` bigint NOT NULL AUTO_INCREMENT,
  `name` varchar(50) COLLATE utf8mb4_unicode_ci NOT NULL,
  PRIMARY KEY (`id`)
) ENGINE=InnoDB AUTO_INCREMENT=4 DEFAULT CHARSET=utf8mb4 COLLATE=utf8mb4_unicode_ci;
/*!40101 SET character_set_client = @saved_cs_client */;

--
-- Dumping data for table `bus_station_role`
--

LOCK TABLES `bus_station_role` WRITE;
/*!40000 ALTER TABLE `bus_station_role` DISABLE KEYS */;
INSERT INTO `bus_station_role` VALUES (1,'USER'),(2,'ADMIN'),(3,'COMPANY_MANGER');
/*!40000 ALTER TABLE `bus_station_role` ENABLE KEYS */;
UNLOCK TABLES;

--
-- Table structure for table `bus_station_route`
--

DROP TABLE IF EXISTS `bus_station_route`;
/*!40101 SET @saved_cs_client     = @@character_set_client */;
/*!50503 SET character_set_client = utf8mb4 */;
CREATE TABLE `bus_station_route` (
  `id` bigint NOT NULL AUTO_INCREMENT,
  `name` varchar(255) COLLATE utf8mb4_unicode_ci NOT NULL,
  `is_active` tinyint(1) NOT NULL,
  `created_at` datetime(6) NOT NULL,
  `company_id` bigint NOT NULL,
  `from_station` int DEFAULT NULL,
  `to_station` int DEFAULT NULL,
  PRIMARY KEY (`id`),
  UNIQUE KEY `name` (`name`),
  KEY `bus_station_route_company_id_ee7544d1_fk_bus_stati` (`company_id`),
  KEY `from_station_idx` (`from_station`),
  KEY `to_location_idx` (`to_station`),
  CONSTRAINT `bus_station_route_company_id_ee7544d1_fk_bus_stati` FOREIGN KEY (`company_id`) REFERENCES `bus_station_transportationcompany` (`id`)
) ENGINE=InnoDB AUTO_INCREMENT=36 DEFAULT CHARSET=utf8mb4 COLLATE=utf8mb4_unicode_ci;
/*!40101 SET character_set_client = @saved_cs_client */;

--
-- Dumping data for table `bus_station_route`
--

LOCK TABLES `bus_station_route` WRITE;
/*!40000 ALTER TABLE `bus_station_route` DISABLE KEYS */;
INSERT INTO `bus_station_route` VALUES (1,'NB-Q3-8257',1,'2024-04-16 14:51:05.672698',1,1,2),(2,'NB-Q3-4067',1,'2024-04-16 14:51:05.675086',2,1,2),(3,'NB-Q3-1279',1,'2024-04-16 14:51:05.677094',3,1,2),(4,'NB-Q3-2444',1,'2024-04-16 14:51:05.678095',4,1,2),(5,'NB-Q3-2145',1,'2024-04-16 14:51:05.679092',5,1,2),(6,'NB-Q3-7402',1,'2024-04-16 14:51:05.680091',6,1,2),(7,'NB-Q3-5819',1,'2024-04-16 14:51:05.681098',7,1,2),(8,'NB-Q3-3550',1,'2024-04-16 14:51:05.682618',8,1,2),(9,'NB-Q3-5271',1,'2024-04-16 14:51:05.683624',9,1,2),(10,'NB-Q3-9606',1,'2024-04-16 14:51:05.684623',10,1,2),(11,'NB-Q3-8091',1,'2024-04-16 14:51:05.685637',11,1,2),(12,'NB-Q3-9660',1,'2024-04-16 14:51:05.686645',12,1,2),(13,'NB-Q3-8512',1,'2024-04-16 14:51:05.688643',13,1,2),(14,'NB-Q3-5204',1,'2024-04-16 14:51:05.689645',14,1,2),(15,'NB-Q3-3881',1,'2024-04-16 14:51:05.690643',15,1,2),(16,'NB-Q3-1766',1,'2024-04-16 14:51:05.691645',16,2,1),(17,'NB-Q3-8469',1,'2024-04-16 14:51:05.692644',17,2,1),(18,'NB-Q3-2739',1,'2024-04-16 14:51:05.693668',18,2,1),(19,'NB-Q3-4205',1,'2024-04-16 14:51:05.695667',19,2,1),(20,'NB-Q3-5427',1,'2024-04-16 14:51:05.696682',20,2,1),(21,'NB-Q3-2416',1,'2024-04-16 14:51:05.697667',21,2,1),(22,'NB-Q3-9030',1,'2024-04-16 14:51:05.698674',22,2,1),(23,'NB-Q3-7364',1,'2024-04-16 14:51:05.700678',23,2,1),(24,'NB-Q3-8087',1,'2024-04-16 14:51:05.701680',24,2,1),(25,'NB-Q3-1972',1,'2024-04-16 14:51:05.702680',25,2,1),(26,'NB-Q3-5146',1,'2024-04-16 14:51:05.704834',26,2,1),(27,'NB-Q3-9070',1,'2024-04-16 14:51:05.705845',27,2,1),(28,'NB-Q3-7136',1,'2024-04-16 14:51:05.706834',28,2,1),(29,'NB-Q3-9589',1,'2024-04-16 14:51:05.707840',29,2,1),(30,'NB-Q3-3287',1,'2024-04-16 14:51:05.708851',30,2,1),(31,'NB-Q3-4660',1,'2024-04-16 14:51:05.709857',31,2,1),(32,'NB-Q3-6612',1,'2024-04-16 14:51:05.710857',32,2,1),(33,'NB-Q3-7555',1,'2024-04-16 14:51:05.713402',33,2,1),(34,'NB-Q3-6983',1,'2024-04-16 14:51:05.714401',34,2,1),(35,'NB-Q3-6066',1,'2024-04-16 14:51:05.715402',35,2,1);
/*!40000 ALTER TABLE `bus_station_route` ENABLE KEYS */;
UNLOCK TABLES;

--
-- Table structure for table `bus_station_seat`
--

DROP TABLE IF EXISTS `bus_station_seat`;
/*!40101 SET @saved_cs_client     = @@character_set_client */;
/*!50503 SET character_set_client = utf8mb4 */;
CREATE TABLE `bus_station_seat` (
  `id` bigint NOT NULL AUTO_INCREMENT,
  `code` varchar(5) COLLATE utf8mb4_unicode_ci NOT NULL,
  `car_id` bigint NOT NULL,
  PRIMARY KEY (`id`),
  UNIQUE KEY `unique_car_seat` (`code`,`car_id`),
  KEY `bus_station_seat_car_id_808a9eed_fk_bus_station_car_id` (`car_id`),
  CONSTRAINT `bus_station_seat_car_id_808a9eed_fk_bus_station_car_id` FOREIGN KEY (`car_id`) REFERENCES `bus_station_car` (`id`)
) ENGINE=InnoDB AUTO_INCREMENT=501 DEFAULT CHARSET=utf8mb4 COLLATE=utf8mb4_unicode_ci;
/*!40101 SET character_set_client = @saved_cs_client */;

--
-- Dumping data for table `bus_station_seat`
--

LOCK TABLES `bus_station_seat` WRITE;
/*!40000 ALTER TABLE `bus_station_seat` DISABLE KEYS */;
INSERT INTO `bus_station_seat` VALUES (1,'A-1',1),(51,'A-1',2),(101,'A-1',3),(151,'A-1',4),(201,'A-1',5),(251,'A-1',6),(301,'A-1',7),(351,'A-1',8),(401,'A-1',9),(451,'A-1',10),(10,'A-10',1),(60,'A-10',2),(110,'A-10',3),(160,'A-10',4),(210,'A-10',5),(260,'A-10',6),(310,'A-10',7),(360,'A-10',8),(410,'A-10',9),(460,'A-10',10),(11,'A-11',1),(61,'A-11',2),(111,'A-11',3),(161,'A-11',4),(211,'A-11',5),(261,'A-11',6),(311,'A-11',7),(361,'A-11',8),(411,'A-11',9),(461,'A-11',10),(12,'A-12',1),(62,'A-12',2),(112,'A-12',3),(162,'A-12',4),(212,'A-12',5),(262,'A-12',6),(312,'A-12',7),(362,'A-12',8),(412,'A-12',9),(462,'A-12',10),(13,'A-13',1),(63,'A-13',2),(113,'A-13',3),(163,'A-13',4),(213,'A-13',5),(263,'A-13',6),(313,'A-13',7),(363,'A-13',8),(413,'A-13',9),(463,'A-13',10),(14,'A-14',1),(64,'A-14',2),(114,'A-14',3),(164,'A-14',4),(214,'A-14',5),(264,'A-14',6),(314,'A-14',7),(364,'A-14',8),(414,'A-14',9),(464,'A-14',10),(15,'A-15',1),(65,'A-15',2),(115,'A-15',3),(165,'A-15',4),(215,'A-15',5),(265,'A-15',6),(315,'A-15',7),(365,'A-15',8),(415,'A-15',9),(465,'A-15',10),(16,'A-16',1),(66,'A-16',2),(116,'A-16',3),(166,'A-16',4),(216,'A-16',5),(266,'A-16',6),(316,'A-16',7),(366,'A-16',8),(416,'A-16',9),(466,'A-16',10),(17,'A-17',1),(67,'A-17',2),(117,'A-17',3),(167,'A-17',4),(217,'A-17',5),(267,'A-17',6),(317,'A-17',7),(367,'A-17',8),(417,'A-17',9),(467,'A-17',10),(18,'A-18',1),(68,'A-18',2),(118,'A-18',3),(168,'A-18',4),(218,'A-18',5),(268,'A-18',6),(318,'A-18',7),(368,'A-18',8),(418,'A-18',9),(468,'A-18',10),(19,'A-19',1),(69,'A-19',2),(119,'A-19',3),(169,'A-19',4),(219,'A-19',5),(269,'A-19',6),(319,'A-19',7),(369,'A-19',8),(419,'A-19',9),(469,'A-19',10),(2,'A-2',1),(52,'A-2',2),(102,'A-2',3),(152,'A-2',4),(202,'A-2',5),(252,'A-2',6),(302,'A-2',7),(352,'A-2',8),(402,'A-2',9),(452,'A-2',10),(20,'A-20',1),(70,'A-20',2),(120,'A-20',3),(170,'A-20',4),(220,'A-20',5),(270,'A-20',6),(320,'A-20',7),(370,'A-20',8),(420,'A-20',9),(470,'A-20',10),(21,'A-21',1),(71,'A-21',2),(121,'A-21',3),(171,'A-21',4),(221,'A-21',5),(271,'A-21',6),(321,'A-21',7),(371,'A-21',8),(421,'A-21',9),(471,'A-21',10),(22,'A-22',1),(72,'A-22',2),(122,'A-22',3),(172,'A-22',4),(222,'A-22',5),(272,'A-22',6),(322,'A-22',7),(372,'A-22',8),(422,'A-22',9),(472,'A-22',10),(23,'A-23',1),(73,'A-23',2),(123,'A-23',3),(173,'A-23',4),(223,'A-23',5),(273,'A-23',6),(323,'A-23',7),(373,'A-23',8),(423,'A-23',9),(473,'A-23',10),(24,'A-24',1),(74,'A-24',2),(124,'A-24',3),(174,'A-24',4),(224,'A-24',5),(274,'A-24',6),(324,'A-24',7),(374,'A-24',8),(424,'A-24',9),(474,'A-24',10),(25,'A-25',1),(75,'A-25',2),(125,'A-25',3),(175,'A-25',4),(225,'A-25',5),(275,'A-25',6),(325,'A-25',7),(375,'A-25',8),(425,'A-25',9),(475,'A-25',10),(26,'A-26',1),(76,'A-26',2),(126,'A-26',3),(176,'A-26',4),(226,'A-26',5),(276,'A-26',6),(326,'A-26',7),(376,'A-26',8),(426,'A-26',9),(476,'A-26',10),(27,'A-27',1),(77,'A-27',2),(127,'A-27',3),(177,'A-27',4),(227,'A-27',5),(277,'A-27',6),(327,'A-27',7),(377,'A-27',8),(427,'A-27',9),(477,'A-27',10),(28,'A-28',1),(78,'A-28',2),(128,'A-28',3),(178,'A-28',4),(228,'A-28',5),(278,'A-28',6),(328,'A-28',7),(378,'A-28',8),(428,'A-28',9),(478,'A-28',10),(29,'A-29',1),(79,'A-29',2),(129,'A-29',3),(179,'A-29',4),(229,'A-29',5),(279,'A-29',6),(329,'A-29',7),(379,'A-29',8),(429,'A-29',9),(479,'A-29',10),(3,'A-3',1),(53,'A-3',2),(103,'A-3',3),(153,'A-3',4),(203,'A-3',5),(253,'A-3',6),(303,'A-3',7),(353,'A-3',8),(403,'A-3',9),(453,'A-3',10),(30,'A-30',1),(80,'A-30',2),(130,'A-30',3),(180,'A-30',4),(230,'A-30',5),(280,'A-30',6),(330,'A-30',7),(380,'A-30',8),(430,'A-30',9),(480,'A-30',10),(31,'A-31',1),(81,'A-31',2),(131,'A-31',3),(181,'A-31',4),(231,'A-31',5),(281,'A-31',6),(331,'A-31',7),(381,'A-31',8),(431,'A-31',9),(481,'A-31',10),(32,'A-32',1),(82,'A-32',2),(132,'A-32',3),(182,'A-32',4),(232,'A-32',5),(282,'A-32',6),(332,'A-32',7),(382,'A-32',8),(432,'A-32',9),(482,'A-32',10),(33,'A-33',1),(83,'A-33',2),(133,'A-33',3),(183,'A-33',4),(233,'A-33',5),(283,'A-33',6),(333,'A-33',7),(383,'A-33',8),(433,'A-33',9),(483,'A-33',10),(34,'A-34',1),(84,'A-34',2),(134,'A-34',3),(184,'A-34',4),(234,'A-34',5),(284,'A-34',6),(334,'A-34',7),(384,'A-34',8),(434,'A-34',9),(484,'A-34',10),(35,'A-35',1),(85,'A-35',2),(135,'A-35',3),(185,'A-35',4),(235,'A-35',5),(285,'A-35',6),(335,'A-35',7),(385,'A-35',8),(435,'A-35',9),(485,'A-35',10),(36,'A-36',1),(86,'A-36',2),(136,'A-36',3),(186,'A-36',4),(236,'A-36',5),(286,'A-36',6),(336,'A-36',7),(386,'A-36',8),(436,'A-36',9),(486,'A-36',10),(37,'A-37',1),(87,'A-37',2),(137,'A-37',3),(187,'A-37',4),(237,'A-37',5),(287,'A-37',6),(337,'A-37',7),(387,'A-37',8),(437,'A-37',9),(487,'A-37',10),(38,'A-38',1),(88,'A-38',2),(138,'A-38',3),(188,'A-38',4),(238,'A-38',5),(288,'A-38',6),(338,'A-38',7),(388,'A-38',8),(438,'A-38',9),(488,'A-38',10),(39,'A-39',1),(89,'A-39',2),(139,'A-39',3),(189,'A-39',4),(239,'A-39',5),(289,'A-39',6),(339,'A-39',7),(389,'A-39',8),(439,'A-39',9),(489,'A-39',10),(4,'A-4',1),(54,'A-4',2),(104,'A-4',3),(154,'A-4',4),(204,'A-4',5),(254,'A-4',6),(304,'A-4',7),(354,'A-4',8),(404,'A-4',9),(454,'A-4',10),(40,'A-40',1),(90,'A-40',2),(140,'A-40',3),(190,'A-40',4),(240,'A-40',5),(290,'A-40',6),(340,'A-40',7),(390,'A-40',8),(440,'A-40',9),(490,'A-40',10),(41,'A-41',1),(91,'A-41',2),(141,'A-41',3),(191,'A-41',4),(241,'A-41',5),(291,'A-41',6),(341,'A-41',7),(391,'A-41',8),(441,'A-41',9),(491,'A-41',10),(42,'A-42',1),(92,'A-42',2),(142,'A-42',3),(192,'A-42',4),(242,'A-42',5),(292,'A-42',6),(342,'A-42',7),(392,'A-42',8),(442,'A-42',9),(492,'A-42',10),(43,'A-43',1),(93,'A-43',2),(143,'A-43',3),(193,'A-43',4),(243,'A-43',5),(293,'A-43',6),(343,'A-43',7),(393,'A-43',8),(443,'A-43',9),(493,'A-43',10),(44,'A-44',1),(94,'A-44',2),(144,'A-44',3),(194,'A-44',4),(244,'A-44',5),(294,'A-44',6),(344,'A-44',7),(394,'A-44',8),(444,'A-44',9),(494,'A-44',10),(45,'A-45',1),(95,'A-45',2),(145,'A-45',3),(195,'A-45',4),(245,'A-45',5),(295,'A-45',6),(345,'A-45',7),(395,'A-45',8),(445,'A-45',9),(495,'A-45',10),(46,'A-46',1),(96,'A-46',2),(146,'A-46',3),(196,'A-46',4),(246,'A-46',5),(296,'A-46',6),(346,'A-46',7),(396,'A-46',8),(446,'A-46',9),(496,'A-46',10),(47,'A-47',1),(97,'A-47',2),(147,'A-47',3),(197,'A-47',4),(247,'A-47',5),(297,'A-47',6),(347,'A-47',7),(397,'A-47',8),(447,'A-47',9),(497,'A-47',10),(48,'A-48',1),(98,'A-48',2),(148,'A-48',3),(198,'A-48',4),(248,'A-48',5),(298,'A-48',6),(348,'A-48',7),(398,'A-48',8),(448,'A-48',9),(498,'A-48',10),(49,'A-49',1),(99,'A-49',2),(149,'A-49',3),(199,'A-49',4),(249,'A-49',5),(299,'A-49',6),(349,'A-49',7),(399,'A-49',8),(449,'A-49',9),(499,'A-49',10),(5,'A-5',1),(55,'A-5',2),(105,'A-5',3),(155,'A-5',4),(205,'A-5',5),(255,'A-5',6),(305,'A-5',7),(355,'A-5',8),(405,'A-5',9),(455,'A-5',10),(50,'A-50',1),(100,'A-50',2),(150,'A-50',3),(200,'A-50',4),(250,'A-50',5),(300,'A-50',6),(350,'A-50',7),(400,'A-50',8),(450,'A-50',9),(500,'A-50',10),(6,'A-6',1),(56,'A-6',2),(106,'A-6',3),(156,'A-6',4),(206,'A-6',5),(256,'A-6',6),(306,'A-6',7),(356,'A-6',8),(406,'A-6',9),(456,'A-6',10),(7,'A-7',1),(57,'A-7',2),(107,'A-7',3),(157,'A-7',4),(207,'A-7',5),(257,'A-7',6),(307,'A-7',7),(357,'A-7',8),(407,'A-7',9),(457,'A-7',10),(8,'A-8',1),(58,'A-8',2),(108,'A-8',3),(158,'A-8',4),(208,'A-8',5),(258,'A-8',6),(308,'A-8',7),(358,'A-8',8),(408,'A-8',9),(458,'A-8',10),(9,'A-9',1),(59,'A-9',2),(109,'A-9',3),(159,'A-9',4),(209,'A-9',5),(259,'A-9',6),(309,'A-9',7),(359,'A-9',8),(409,'A-9',9),(459,'A-9',10);
/*!40000 ALTER TABLE `bus_station_seat` ENABLE KEYS */;
UNLOCK TABLES;

--
-- Table structure for table `bus_station_station`
--

DROP TABLE IF EXISTS `bus_station_station`;
/*!40101 SET @saved_cs_client     = @@character_set_client */;
/*!50503 SET character_set_client = utf8mb4 */;
CREATE TABLE `bus_station_station` (
  `id` int NOT NULL AUTO_INCREMENT,
  `address` varchar(255) COLLATE utf8mb4_unicode_ci NOT NULL,
  `map_url` longtext COLLATE utf8mb4_unicode_ci NOT NULL,
  PRIMARY KEY (`id`)
) ENGINE=InnoDB AUTO_INCREMENT=3 DEFAULT CHARSET=utf8mb4 COLLATE=utf8mb4_unicode_ci;
/*!40101 SET character_set_client = @saved_cs_client */;

--
-- Dumping data for table `bus_station_station`
--

LOCK TABLES `bus_station_station` WRITE;
/*!40000 ALTER TABLE `bus_station_station` DISABLE KEYS */;
INSERT INTO `bus_station_station` VALUES (1,'Nhà Bè','https://www.google.com/maps/embed?pb=!1m18!1m12!1m3!1d3920.764168539927!2d106.68809457593125!3d10.675404689467264!2m3!1f0!2f0!3f0!3m2!1i1024!2i768!4f13.1!3m3!1m2!1s0x31753100099ce9ed%3A0xdb6079801f0735ea!2zVHLGsOG7nW5nIMSQ4bqhaSBo4buNYyBN4bufIFRQLiBI4buTIENow60gTWluaCAoY8ahIHPhu58gMyk!5e0!3m2!1svi!2s!4v1713243137439!5m2!1svi!2s'),(2,'Quận 3','https://www.google.com/maps/embed?pb=!1m18!1m12!1m3!1d3919.456210600574!2d106.68765417593237!3d10.77632838937244!2m3!1f0!2f0!3f0!3m2!1i1024!2i768!4f13.1!3m3!1m2!1s0x31752f3ae35e3725%3A0x20c5174a47f97be3!2zVHLGsOG7nW5nIMSQ4bqhaSBo4buNYyBN4bufIFRQLkhDTSAtIEPGoSBz4bufIDE!5e0!3m2!1svi!2s!4v1713243185335!5m2!1svi!2s');
/*!40000 ALTER TABLE `bus_station_station` ENABLE KEYS */;
UNLOCK TABLES;

--
-- Table structure for table `bus_station_ticket`
--

DROP TABLE IF EXISTS `bus_station_ticket`;
/*!40101 SET @saved_cs_client     = @@character_set_client */;
/*!50503 SET character_set_client = utf8mb4 */;
CREATE TABLE `bus_station_ticket` (
  `id` bigint NOT NULL AUTO_INCREMENT,
  `created_at` datetime(6) NOT NULL,
  `seat_price` double NOT NULL,
  `seat_code` varchar(20) COLLATE utf8mb4_unicode_ci NOT NULL,
  `paid_at` datetime(6) DEFAULT NULL,
  `customer_id` bigint NOT NULL,
  `payment_method_id` bigint NOT NULL,
  `trip_id` bigint NOT NULL,
  PRIMARY KEY (`id`),
  KEY `bus_station_ticket_customer_id_fd834c21_fk_bus_station_user_id` (`customer_id`),
  KEY `bus_station_ticket_payment_method_id_4d982ef8_fk_bus_stati` (`payment_method_id`),
  KEY `bus_station_ticket_trip_id_aadedf0f_fk_bus_station_trip_id` (`trip_id`),
  CONSTRAINT `bus_station_ticket_customer_id_fd834c21_fk_bus_station_user_id` FOREIGN KEY (`customer_id`) REFERENCES `bus_station_user` (`id`),
  CONSTRAINT `bus_station_ticket_payment_method_id_4d982ef8_fk_bus_stati` FOREIGN KEY (`payment_method_id`) REFERENCES `bus_station_paymentmethod` (`id`),
  CONSTRAINT `bus_station_ticket_trip_id_aadedf0f_fk_bus_station_trip_id` FOREIGN KEY (`trip_id`) REFERENCES `bus_station_trip` (`id`)
) ENGINE=InnoDB AUTO_INCREMENT=1751 DEFAULT CHARSET=utf8mb4 COLLATE=utf8mb4_unicode_ci;
/*!40101 SET character_set_client = @saved_cs_client */;

--
-- Dumping data for table `bus_station_ticket`
--

LOCK TABLES `bus_station_ticket` WRITE;
/*!40000 ALTER TABLE `bus_station_ticket` DISABLE KEYS */;
INSERT INTO `bus_station_ticket` VALUES (1,'2024-04-16 14:51:05.776303',50000,'A-50','2024-08-20 21:51:05.717401',79,1,1),(2,'2024-04-16 14:51:05.779302',50000,'A-49','2024-08-06 21:51:05.717401',63,1,1),(3,'2024-04-16 14:51:05.781302',50000,'A-48','2024-08-13 21:51:05.717401',59,1,1),(4,'2024-04-16 14:51:05.782304',50000,'A-47','2024-08-06 21:51:05.717401',11,1,1),(5,'2024-04-16 14:51:05.784382',50000,'A-46','2024-07-30 21:51:05.717401',27,1,1),(6,'2024-04-16 14:51:05.786377',50000,'A-45','2024-07-30 21:51:05.717401',50,1,1),(7,'2024-04-16 14:51:05.787378',50000,'A-44','2024-08-06 21:51:05.717401',76,1,1),(8,'2024-04-16 14:51:05.788379',50000,'A-43','2024-08-13 21:51:05.717401',30,1,1),(9,'2024-04-16 14:51:05.790378',50000,'A-42','2024-08-13 21:51:05.717401',34,1,1),(10,'2024-04-16 14:51:05.791378',50000,'A-41','2024-08-06 21:51:05.717401',34,1,1),(11,'2024-04-16 14:51:05.792377',50000,'A-40','2024-08-13 21:51:05.717401',86,1,1),(12,'2024-04-16 14:51:05.793761',50000,'A-39','2024-07-30 21:51:05.717401',48,1,1),(13,'2024-04-16 14:51:05.795763',50000,'A-38','2024-08-20 21:51:05.717401',30,1,1),(14,'2024-04-16 14:51:05.796761',50000,'A-37','2024-08-06 21:51:05.717401',76,1,1),(15,'2024-04-16 14:51:05.797760',50000,'A-36','2024-07-30 21:51:05.717401',40,1,1),(16,'2024-04-16 14:51:05.799760',50000,'A-35','2024-08-06 21:51:05.717401',79,1,1),(17,'2024-04-16 14:51:05.800760',50000,'A-34','2024-08-06 21:51:05.717401',42,1,1),(18,'2024-04-16 14:51:05.801760',50000,'A-33','2024-07-30 21:51:05.717401',98,1,1),(19,'2024-04-16 14:51:05.803267',50000,'A-32','2024-08-20 21:51:05.717401',52,1,1),(20,'2024-04-16 14:51:05.805279',50000,'A-31','2024-08-06 21:51:05.717401',53,1,1),(21,'2024-04-16 14:51:05.806279',50000,'A-30','2024-07-30 21:51:05.717401',8,1,1),(22,'2024-04-16 14:51:05.807278',50000,'A-29','2024-08-13 21:51:05.717401',49,1,1),(23,'2024-04-16 14:51:05.808279',50000,'A-28','2024-07-30 21:51:05.717401',95,1,1),(24,'2024-04-16 14:51:05.809279',50000,'A-27','2024-08-13 21:51:05.717401',2,1,1),(25,'2024-04-16 14:51:05.810279',50000,'A-26','2024-08-20 21:51:05.717401',28,1,1),(26,'2024-04-16 14:51:05.811279',50000,'A-25','2024-08-13 21:51:05.717401',63,1,1),(27,'2024-04-16 14:51:05.812783',50000,'A-24','2024-08-13 21:51:05.717401',11,1,1),(28,'2024-04-16 14:51:05.813788',50000,'A-23','2024-08-06 21:51:05.717401',40,1,1),(29,'2024-04-16 14:51:05.814789',50000,'A-22','2024-08-06 21:51:05.717401',86,1,1),(30,'2024-04-16 14:51:05.816795',50000,'A-21','2024-08-20 21:51:05.717401',30,1,1),(31,'2024-04-16 14:51:05.817795',50000,'A-20','2024-08-13 21:51:05.717401',39,1,1),(32,'2024-04-16 14:51:05.818794',50000,'A-19','2024-07-30 21:51:05.717401',48,1,1),(33,'2024-04-16 14:51:05.820794',50000,'A-18','2024-07-30 21:51:05.717401',53,1,1),(34,'2024-04-16 14:51:05.820794',50000,'A-17','2024-08-13 21:51:05.717401',96,1,1),(35,'2024-04-16 14:51:05.823306',50000,'A-16','2024-08-13 21:51:05.717401',98,1,1),(36,'2024-04-16 14:51:05.824306',50000,'A-15','2024-07-30 21:51:05.717401',30,1,1),(37,'2024-04-16 14:51:05.825311',50000,'A-14','2024-08-20 21:51:05.717401',86,1,1),(38,'2024-04-16 14:51:05.826311',50000,'A-13','2024-08-06 21:51:05.717401',28,1,1),(39,'2024-04-16 14:51:05.827311',50000,'A-12','2024-08-20 21:51:05.717401',76,1,1),(40,'2024-04-16 14:51:05.828310',50000,'A-11','2024-08-20 21:51:05.717401',80,1,1),(41,'2024-04-16 14:51:05.829312',50000,'A-10','2024-08-13 21:51:05.717401',87,1,1),(42,'2024-04-16 14:51:05.831311',50000,'A-9','2024-08-20 21:51:05.717401',30,1,1),(43,'2024-04-16 14:51:05.832815',50000,'A-8','2024-08-20 21:51:05.717401',28,1,1),(44,'2024-04-16 14:51:05.833820',50000,'A-7','2024-08-20 21:51:05.717401',87,1,1),(45,'2024-04-16 14:51:05.834820',50000,'A-6','2024-08-06 21:51:05.717401',98,1,1),(46,'2024-04-16 14:51:05.835824',50000,'A-5','2024-08-06 21:51:05.717401',40,1,1),(47,'2024-04-16 14:51:05.837824',50000,'A-4','2024-07-30 21:51:05.717401',53,1,1),(48,'2024-04-16 14:51:05.838825',50000,'A-3','2024-08-06 21:51:05.717401',50,1,1),(49,'2024-04-16 14:51:05.840824',50000,'A-2','2024-08-13 21:51:05.717401',59,1,1),(50,'2024-04-16 14:51:05.840824',50000,'A-1','2024-07-30 21:51:05.717401',30,1,1),(51,'2024-04-16 14:51:05.844335',50000,'A-50','2025-02-04 21:51:05.719401',27,1,2),(52,'2024-04-16 14:51:05.846341',50000,'A-49','2025-02-11 21:51:05.719401',76,1,2),(53,'2024-04-16 14:51:05.847340',50000,'A-48','2025-01-28 21:51:05.719401',50,1,2),(54,'2024-04-16 14:51:05.849347',50000,'A-47','2025-02-18 21:51:05.719401',63,1,2),(55,'2024-04-16 14:51:05.850341',50000,'A-46','2025-02-04 21:51:05.719401',98,1,2),(56,'2024-04-16 14:51:05.852339',50000,'A-45','2025-02-04 21:51:05.719401',59,1,2),(57,'2024-04-16 14:51:05.852873',50000,'A-44','2025-02-04 21:51:05.719401',48,1,2),(58,'2024-04-16 14:51:05.854879',50000,'A-43','2025-02-18 21:51:05.719401',37,1,2),(59,'2024-04-16 14:51:05.855880',50000,'A-42','2025-01-28 21:51:05.719401',75,1,2),(60,'2024-04-16 14:51:05.856880',50000,'A-41','2025-02-04 21:51:05.719401',52,1,2),(61,'2024-04-16 14:51:05.857880',50000,'A-40','2025-02-11 21:51:05.719401',80,1,2),(62,'2024-04-16 14:51:05.858879',50000,'A-39','2025-02-11 21:51:05.719401',53,1,2),(63,'2024-04-16 14:51:05.859880',50000,'A-38','2025-02-18 21:51:05.719401',49,1,2),(64,'2024-04-16 14:51:05.860880',50000,'A-37','2025-02-11 21:51:05.719401',11,1,2),(65,'2024-04-16 14:51:05.862385',50000,'A-36','2025-02-04 21:51:05.719401',84,1,2),(66,'2024-04-16 14:51:05.864392',50000,'A-35','2025-01-28 21:51:05.719401',72,1,2),(67,'2024-04-16 14:51:05.867396',50000,'A-34','2025-02-04 21:51:05.719401',3,1,2),(68,'2024-04-16 14:51:05.870910',50000,'A-33','2025-01-28 21:51:05.719401',2,1,2),(69,'2024-04-16 14:51:05.873473',50000,'A-32','2025-02-18 21:51:05.719401',59,1,2),(70,'2024-04-16 14:51:05.875649',50000,'A-31','2025-01-28 21:51:05.719401',28,1,2),(71,'2024-04-16 14:51:05.877461',50000,'A-30','2025-02-11 21:51:05.719401',72,1,2),(72,'2024-04-16 14:51:05.879487',50000,'A-29','2025-02-04 21:51:05.719401',30,1,2),(73,'2024-04-16 14:51:05.881462',50000,'A-28','2025-02-11 21:51:05.719401',87,1,2),(74,'2024-04-16 14:51:05.882968',50000,'A-27','2025-02-04 21:51:05.719401',34,1,2),(75,'2024-04-16 14:51:05.884980',50000,'A-26','2025-02-18 21:51:05.719401',28,1,2),(76,'2024-04-16 14:51:05.886981',50000,'A-25','2025-02-04 21:51:05.719401',8,1,2),(77,'2024-04-16 14:51:05.887989',50000,'A-24','2025-02-11 21:51:05.719401',37,1,2),(78,'2024-04-16 14:51:05.889979',50000,'A-23','2025-02-04 21:51:05.719401',95,1,2),(79,'2024-04-16 14:51:05.892490',50000,'A-22','2025-02-04 21:51:05.719401',80,1,2),(80,'2024-04-16 14:51:05.893503',50000,'A-21','2025-02-18 21:51:05.719401',42,1,2),(81,'2024-04-16 14:51:05.894503',50000,'A-20','2025-01-28 21:51:05.719401',27,1,2),(82,'2024-04-16 14:51:05.895502',50000,'A-19','2025-01-28 21:51:05.719401',55,1,2),(83,'2024-04-16 14:51:05.897502',50000,'A-18','2025-02-04 21:51:05.719401',75,1,2),(84,'2024-04-16 14:51:05.898502',50000,'A-17','2025-02-11 21:51:05.719401',75,1,2),(85,'2024-04-16 14:51:05.899501',50000,'A-16','2025-02-04 21:51:05.719401',96,1,2),(86,'2024-04-16 14:51:05.900502',50000,'A-15','2025-02-18 21:51:05.719401',95,1,2),(87,'2024-04-16 14:51:05.901501',50000,'A-14','2025-02-04 21:51:05.719401',80,1,2),(88,'2024-04-16 14:51:05.903012',50000,'A-13','2025-01-28 21:51:05.719401',94,1,2),(89,'2024-04-16 14:51:05.904023',50000,'A-12','2025-02-18 21:51:05.719401',80,1,2),(90,'2024-04-16 14:51:05.905024',50000,'A-11','2025-01-28 21:51:05.719401',76,1,2),(91,'2024-04-16 14:51:05.907022',50000,'A-10','2025-02-18 21:51:05.719401',2,1,2),(92,'2024-04-16 14:51:05.908023',50000,'A-9','2025-02-11 21:51:05.719401',3,1,2),(93,'2024-04-16 14:51:05.910021',50000,'A-8','2025-02-11 21:51:05.719401',94,1,2),(94,'2024-04-16 14:51:05.911022',50000,'A-7','2025-02-04 21:51:05.719401',28,1,2),(95,'2024-04-16 14:51:05.912532',50000,'A-6','2025-01-28 21:51:05.719401',30,1,2),(96,'2024-04-16 14:51:05.913542',50000,'A-5','2025-01-28 21:51:05.719401',59,1,2),(97,'2024-04-16 14:51:05.914543',50000,'A-4','2025-02-18 21:51:05.719401',3,1,2),(98,'2024-04-16 14:51:05.915542',50000,'A-3','2025-01-28 21:51:05.719401',27,1,2),(99,'2024-04-16 14:51:05.916542',50000,'A-2','2025-01-28 21:51:05.719401',75,1,2),(100,'2024-04-16 14:51:05.917544',50000,'A-1','2025-02-04 21:51:05.719401',39,1,2),(101,'2024-04-16 14:51:05.920567',80000,'A-50','2024-08-27 21:51:05.720401',42,1,3),(102,'2024-04-16 14:51:05.921539',80000,'A-49','2024-09-17 21:51:05.720401',55,1,3),(103,'2024-04-16 14:51:05.922542',80000,'A-48','2024-09-17 21:51:05.720401',95,1,3),(104,'2024-04-16 14:51:05.924916',80000,'A-47','2024-08-27 21:51:05.720401',11,1,3),(105,'2024-04-16 14:51:05.925931',80000,'A-46','2024-09-10 21:51:05.720401',75,1,3),(106,'2024-04-16 14:51:05.926916',80000,'A-45','2024-09-03 21:51:05.720401',86,1,3),(107,'2024-04-16 14:51:05.927915',80000,'A-44','2024-09-10 21:51:05.720401',27,1,3),(108,'2024-04-16 14:51:05.929916',80000,'A-43','2024-09-10 21:51:05.720401',84,1,3),(109,'2024-04-16 14:51:05.930916',80000,'A-42','2024-09-03 21:51:05.720401',98,1,3),(110,'2024-04-16 14:51:05.930916',80000,'A-41','2024-09-17 21:51:05.720401',52,1,3),(111,'2024-04-16 14:51:05.933449',80000,'A-40','2024-08-27 21:51:05.720401',11,1,3),(112,'2024-04-16 14:51:05.934429',80000,'A-39','2024-09-10 21:51:05.720401',8,1,3),(113,'2024-04-16 14:51:05.936427',80000,'A-38','2024-09-03 21:51:05.720401',79,1,3),(114,'2024-04-16 14:51:05.937441',80000,'A-37','2024-09-17 21:51:05.720401',98,1,3),(115,'2024-04-16 14:51:05.938427',80000,'A-36','2024-08-27 21:51:05.720401',75,1,3),(116,'2024-04-16 14:51:05.939427',80000,'A-35','2024-08-27 21:51:05.720401',52,1,3),(117,'2024-04-16 14:51:05.940429',80000,'A-34','2024-09-17 21:51:05.720401',96,1,3),(118,'2024-04-16 14:51:05.941426',80000,'A-33','2024-09-17 21:51:05.720401',39,1,3),(119,'2024-04-16 14:51:05.942426',80000,'A-32','2024-09-03 21:51:05.720401',59,1,3),(120,'2024-04-16 14:51:05.943681',80000,'A-31','2024-09-03 21:51:05.720401',2,1,3),(121,'2024-04-16 14:51:05.945679',80000,'A-30','2024-09-17 21:51:05.720401',42,1,3),(122,'2024-04-16 14:51:05.946686',80000,'A-29','2024-09-17 21:51:05.720401',48,1,3),(123,'2024-04-16 14:51:05.947699',80000,'A-28','2024-09-10 21:51:05.720401',87,1,3),(124,'2024-04-16 14:51:05.948711',80000,'A-27','2024-08-27 21:51:05.720401',87,1,3),(125,'2024-04-16 14:51:05.949723',80000,'A-26','2024-09-17 21:51:05.720401',3,1,3),(126,'2024-04-16 14:51:05.950730',80000,'A-25','2024-08-27 21:51:05.720401',2,1,3),(127,'2024-04-16 14:51:05.951728',80000,'A-24','2024-08-27 21:51:05.720401',37,1,3),(128,'2024-04-16 14:51:05.952728',80000,'A-23','2024-08-27 21:51:05.720401',86,1,3),(129,'2024-04-16 14:51:05.953787',80000,'A-22','2024-09-03 21:51:05.720401',79,1,3),(130,'2024-04-16 14:51:05.955787',80000,'A-21','2024-08-27 21:51:05.720401',94,1,3),(131,'2024-04-16 14:51:05.956786',80000,'A-20','2024-08-27 21:51:05.720401',87,1,3),(132,'2024-04-16 14:51:05.957788',80000,'A-19','2024-09-17 21:51:05.720401',3,1,3),(133,'2024-04-16 14:51:05.959786',80000,'A-18','2024-09-10 21:51:05.720401',48,1,3),(134,'2024-04-16 14:51:05.960792',80000,'A-17','2024-08-27 21:51:05.720401',39,1,3),(135,'2024-04-16 14:51:05.961787',80000,'A-16','2024-09-03 21:51:05.720401',40,1,3),(136,'2024-04-16 14:51:05.962786',80000,'A-15','2024-09-03 21:51:05.720401',40,1,3),(137,'2024-04-16 14:51:05.979374',80000,'A-14','2024-09-10 21:51:05.720401',49,1,3),(138,'2024-04-16 14:51:05.981375',80000,'A-13','2024-08-27 21:51:05.720401',37,1,3),(139,'2024-04-16 14:51:05.982374',80000,'A-12','2024-09-03 21:51:05.720401',2,1,3),(140,'2024-04-16 14:51:05.983887',80000,'A-11','2024-09-03 21:51:05.720401',59,1,3),(141,'2024-04-16 14:51:05.984885',80000,'A-10','2024-09-10 21:51:05.720401',49,1,3),(142,'2024-04-16 14:51:05.985892',80000,'A-9','2024-08-27 21:51:05.720401',63,1,3),(143,'2024-04-16 14:51:05.986913',80000,'A-8','2024-09-10 21:51:05.720401',79,1,3),(144,'2024-04-16 14:51:05.988912',80000,'A-7','2024-08-27 21:51:05.720401',28,1,3),(145,'2024-04-16 14:51:05.989912',80000,'A-6','2024-08-27 21:51:05.720401',53,1,3),(146,'2024-04-16 14:51:05.990936',80000,'A-5','2024-09-17 21:51:05.720401',27,1,3),(147,'2024-04-16 14:51:05.990936',80000,'A-4','2024-09-17 21:51:05.720401',3,1,3),(148,'2024-04-16 14:51:05.993450',80000,'A-3','2024-09-10 21:51:05.720401',96,1,3),(149,'2024-04-16 14:51:05.994462',80000,'A-2','2024-08-27 21:51:05.720401',11,1,3),(150,'2024-04-16 14:51:05.995450',80000,'A-1','2024-09-17 21:51:05.720401',53,1,3),(151,'2024-04-16 14:51:05.997461',60000,'A-50','2025-01-14 21:51:05.722405',48,1,4),(152,'2024-04-16 14:51:05.998464',60000,'A-49','2024-12-31 21:51:05.722405',11,1,4),(153,'2024-04-16 14:51:05.999466',60000,'A-48','2025-01-14 21:51:05.722405',94,1,4),(154,'2024-04-16 14:51:06.001463',60000,'A-47','2025-01-14 21:51:05.722405',27,1,4),(155,'2024-04-16 14:51:06.002462',60000,'A-46','2024-12-31 21:51:05.722405',49,1,4),(156,'2024-04-16 14:51:06.003478',60000,'A-45','2025-01-14 21:51:05.722405',52,1,4),(157,'2024-04-16 14:51:06.005477',60000,'A-44','2025-01-21 21:51:05.722405',52,1,4),(158,'2024-04-16 14:51:06.007478',60000,'A-43','2025-01-14 21:51:05.722405',63,1,4),(159,'2024-04-16 14:51:06.008478',60000,'A-42','2025-01-07 21:51:05.722405',72,1,4),(160,'2024-04-16 14:51:06.010479',60000,'A-41','2024-12-31 21:51:05.722405',75,1,4),(161,'2024-04-16 14:51:06.011476',60000,'A-40','2025-01-07 21:51:05.722405',53,1,4),(162,'2024-04-16 14:51:06.012476',60000,'A-39','2024-12-31 21:51:05.722405',63,1,4),(163,'2024-04-16 14:51:06.013550',60000,'A-38','2025-01-21 21:51:05.722405',59,1,4),(164,'2024-04-16 14:51:06.014549',60000,'A-37','2025-01-14 21:51:05.722405',94,1,4),(165,'2024-04-16 14:51:06.016551',60000,'A-36','2025-01-07 21:51:05.722405',2,1,4),(166,'2024-04-16 14:51:06.017552',60000,'A-35','2024-12-31 21:51:05.722405',8,1,4),(167,'2024-04-16 14:51:06.018550',60000,'A-34','2024-12-31 21:51:05.722405',79,1,4),(168,'2024-04-16 14:51:06.020549',60000,'A-33','2025-01-14 21:51:05.722405',96,1,4),(169,'2024-04-16 14:51:06.021561',60000,'A-32','2025-01-07 21:51:05.722405',98,1,4),(170,'2024-04-16 14:51:06.022550',60000,'A-31','2025-01-07 21:51:05.722405',42,1,4),(171,'2024-04-16 14:51:06.023573',60000,'A-30','2025-01-21 21:51:05.722405',96,1,4),(172,'2024-04-16 14:51:06.024573',60000,'A-29','2025-01-07 21:51:05.722405',86,1,4),(173,'2024-04-16 14:51:06.026572',60000,'A-28','2025-01-14 21:51:05.722405',50,1,4),(174,'2024-04-16 14:51:06.027578',60000,'A-27','2024-12-31 21:51:05.722405',52,1,4),(175,'2024-04-16 14:51:06.028585',60000,'A-26','2025-01-07 21:51:05.722405',48,1,4),(176,'2024-04-16 14:51:06.029584',60000,'A-25','2025-01-07 21:51:05.722405',52,1,4),(177,'2024-04-16 14:51:06.030588',60000,'A-24','2025-01-07 21:51:05.722405',30,1,4),(178,'2024-04-16 14:51:06.031585',60000,'A-23','2025-01-14 21:51:05.722405',30,1,4),(179,'2024-04-16 14:51:06.032586',60000,'A-22','2024-12-31 21:51:05.722405',55,1,4),(180,'2024-04-16 14:51:06.033859',60000,'A-21','2025-01-21 21:51:05.722405',94,1,4),(181,'2024-04-16 14:51:06.034858',60000,'A-20','2025-01-14 21:51:05.722405',42,1,4),(182,'2024-04-16 14:51:06.036860',60000,'A-19','2024-12-31 21:51:05.722405',95,1,4),(183,'2024-04-16 14:51:06.037859',60000,'A-18','2025-01-07 21:51:05.722405',94,1,4),(184,'2024-04-16 14:51:06.038858',60000,'A-17','2025-01-07 21:51:05.722405',40,1,4),(185,'2024-04-16 14:51:06.039858',60000,'A-16','2025-01-14 21:51:05.722405',95,1,4),(186,'2024-04-16 14:51:06.040857',60000,'A-15','2025-01-14 21:51:05.722405',72,1,4),(187,'2024-04-16 14:51:06.042361',60000,'A-14','2025-01-21 21:51:05.722405',39,1,4),(188,'2024-04-16 14:51:06.043366',60000,'A-13','2024-12-31 21:51:05.722405',27,1,4),(189,'2024-04-16 14:51:06.044373',60000,'A-12','2025-01-07 21:51:05.722405',3,1,4),(190,'2024-04-16 14:51:06.045380',60000,'A-11','2025-01-21 21:51:05.722405',75,1,4),(191,'2024-04-16 14:51:06.047379',60000,'A-10','2025-01-14 21:51:05.722405',2,1,4),(192,'2024-04-16 14:51:06.048379',60000,'A-9','2025-01-07 21:51:05.722405',86,1,4),(193,'2024-04-16 14:51:06.050379',60000,'A-8','2025-01-07 21:51:05.722405',72,1,4),(194,'2024-04-16 14:51:06.051379',60000,'A-7','2025-01-21 21:51:05.722405',59,1,4),(195,'2024-04-16 14:51:06.052379',60000,'A-6','2025-01-21 21:51:05.722405',84,1,4),(196,'2024-04-16 14:51:06.053571',60000,'A-5','2025-01-21 21:51:05.722405',40,1,4),(197,'2024-04-16 14:51:06.055571',60000,'A-4','2024-12-31 21:51:05.722405',52,1,4),(198,'2024-04-16 14:51:06.056582',60000,'A-3','2025-01-07 21:51:05.722405',80,1,4),(199,'2024-04-16 14:51:06.057572',60000,'A-2','2024-12-31 21:51:05.722405',72,1,4),(200,'2024-04-16 14:51:06.058578',60000,'A-1','2025-01-07 21:51:05.722405',72,1,4),(201,'2024-04-16 14:51:06.060599',60000,'A-50','2024-12-31 21:51:05.724447',76,1,5),(202,'2024-04-16 14:51:06.062599',60000,'A-49','2025-01-14 21:51:05.724447',34,1,5),(203,'2024-04-16 14:51:06.063766',60000,'A-48','2025-01-07 21:51:05.724447',52,1,5),(204,'2024-04-16 14:51:06.065766',60000,'A-47','2025-01-14 21:51:05.724447',40,1,5),(205,'2024-04-16 14:51:06.066811',60000,'A-46','2024-12-24 21:51:05.724447',55,1,5),(206,'2024-04-16 14:51:06.067825',60000,'A-45','2025-01-14 21:51:05.724447',87,1,5),(207,'2024-04-16 14:51:06.068824',60000,'A-44','2025-01-07 21:51:05.724447',3,1,5),(208,'2024-04-16 14:51:06.069825',60000,'A-43','2024-12-31 21:51:05.724447',76,1,5),(209,'2024-04-16 14:51:06.070825',60000,'A-42','2025-01-14 21:51:05.724447',50,1,5),(210,'2024-04-16 14:51:06.072479',60000,'A-41','2025-01-14 21:51:05.724447',3,1,5),(211,'2024-04-16 14:51:06.073485',60000,'A-40','2025-01-14 21:51:05.724447',98,1,5),(212,'2024-04-16 14:51:06.075485',60000,'A-39','2025-01-07 21:51:05.724447',80,1,5),(213,'2024-04-16 14:51:06.076504',60000,'A-38','2024-12-24 21:51:05.724447',86,1,5),(214,'2024-04-16 14:51:06.077500',60000,'A-37','2025-01-14 21:51:05.724447',76,1,5),(215,'2024-04-16 14:51:06.078490',60000,'A-36','2024-12-31 21:51:05.724447',39,1,5),(216,'2024-04-16 14:51:06.079489',60000,'A-35','2024-12-24 21:51:05.724447',50,1,5),(217,'2024-04-16 14:51:06.081489',60000,'A-34','2025-01-07 21:51:05.724447',98,1,5),(218,'2024-04-16 14:51:06.082485',60000,'A-33','2025-01-07 21:51:05.724447',28,1,5),(219,'2024-04-16 14:51:06.083505',60000,'A-32','2025-01-14 21:51:05.724447',8,1,5),(220,'2024-04-16 14:51:06.084505',60000,'A-31','2024-12-24 21:51:05.724447',55,1,5),(221,'2024-04-16 14:51:06.085506',60000,'A-30','2025-01-14 21:51:05.724447',50,1,5),(222,'2024-04-16 14:51:06.086505',60000,'A-29','2024-12-31 21:51:05.724447',55,1,5),(223,'2024-04-16 14:51:06.088506',60000,'A-28','2024-12-24 21:51:05.724447',76,1,5),(224,'2024-04-16 14:51:06.089517',60000,'A-27','2024-12-24 21:51:05.724447',59,1,5),(225,'2024-04-16 14:51:06.090505',60000,'A-26','2025-01-07 21:51:05.724447',79,1,5),(226,'2024-04-16 14:51:06.091505',60000,'A-25','2024-12-31 21:51:05.724447',34,1,5),(227,'2024-04-16 14:51:06.092507',60000,'A-24','2024-12-24 21:51:05.724447',40,1,5),(228,'2024-04-16 14:51:06.093740',60000,'A-23','2024-12-31 21:51:05.724447',8,1,5),(229,'2024-04-16 14:51:06.095738',60000,'A-22','2024-12-24 21:51:05.724447',3,1,5),(230,'2024-04-16 14:51:06.096738',60000,'A-21','2025-01-07 21:51:05.724447',86,1,5),(231,'2024-04-16 14:51:06.097750',60000,'A-20','2024-12-31 21:51:05.724447',95,1,5),(232,'2024-04-16 14:51:06.098739',60000,'A-19','2024-12-24 21:51:05.724447',59,1,5),(233,'2024-04-16 14:51:06.099738',60000,'A-18','2025-01-14 21:51:05.724447',8,1,5),(234,'2024-04-16 14:51:06.100738',60000,'A-17','2024-12-24 21:51:05.724447',80,1,5),(235,'2024-04-16 14:51:06.101740',60000,'A-16','2024-12-24 21:51:05.724447',37,1,5),(236,'2024-04-16 14:51:06.102739',60000,'A-15','2025-01-07 21:51:05.724447',49,1,5),(237,'2024-04-16 14:51:06.103765',60000,'A-14','2024-12-24 21:51:05.724447',2,1,5),(238,'2024-04-16 14:51:06.104765',60000,'A-13','2024-12-24 21:51:05.724447',87,1,5),(239,'2024-04-16 14:51:06.105764',60000,'A-12','2025-01-14 21:51:05.724447',87,1,5),(240,'2024-04-16 14:51:06.106764',60000,'A-11','2024-12-24 21:51:05.724447',63,1,5),(241,'2024-04-16 14:51:06.108765',60000,'A-10','2025-01-14 21:51:05.724447',55,1,5),(242,'2024-04-16 14:51:06.109777',60000,'A-9','2025-01-07 21:51:05.724447',79,1,5),(243,'2024-04-16 14:51:06.110777',60000,'A-8','2025-01-07 21:51:05.724447',37,1,5),(244,'2024-04-16 14:51:06.111764',60000,'A-7','2024-12-24 21:51:05.724447',63,1,5),(245,'2024-04-16 14:51:06.112783',60000,'A-6','2025-01-14 21:51:05.724447',27,1,5),(246,'2024-04-16 14:51:06.113819',60000,'A-5','2024-12-24 21:51:05.724447',59,1,5),(247,'2024-04-16 14:51:06.115822',60000,'A-4','2025-01-07 21:51:05.724447',3,1,5),(248,'2024-04-16 14:51:06.120825',60000,'A-3','2025-01-07 21:51:05.724447',63,1,5),(249,'2024-04-16 14:51:06.125360',60000,'A-2','2024-12-24 21:51:05.724447',8,1,5),(250,'2024-04-16 14:51:06.128362',60000,'A-1','2025-01-14 21:51:05.724447',80,1,5),(251,'2024-04-16 14:51:06.132362',60000,'A-50','2024-08-13 21:51:05.727444',39,1,6),(252,'2024-04-16 14:51:06.135683',60000,'A-49','2024-08-13 21:51:05.727444',34,1,6),(253,'2024-04-16 14:51:06.137684',60000,'A-48','2024-09-03 21:51:05.727444',11,1,6),(254,'2024-04-16 14:51:06.139645',60000,'A-47','2024-08-20 21:51:05.727444',34,1,6),(255,'2024-04-16 14:51:06.141645',60000,'A-46','2024-08-13 21:51:05.727444',50,1,6),(256,'2024-04-16 14:51:06.142651',60000,'A-45','2024-08-20 21:51:05.727444',94,1,6),(257,'2024-04-16 14:51:06.144776',60000,'A-44','2024-08-20 21:51:05.727444',27,1,6),(258,'2024-04-16 14:51:06.145803',60000,'A-43','2024-08-13 21:51:05.727444',80,1,6),(259,'2024-04-16 14:51:06.146873',60000,'A-42','2024-08-20 21:51:05.727444',11,1,6),(260,'2024-04-16 14:51:06.147890',60000,'A-41','2024-09-03 21:51:05.727444',86,1,6),(261,'2024-04-16 14:51:06.148897',60000,'A-40','2024-08-20 21:51:05.727444',28,1,6),(262,'2024-04-16 14:51:06.150897',60000,'A-39','2024-08-20 21:51:05.727444',80,1,6),(263,'2024-04-16 14:51:06.152403',60000,'A-38','2024-08-27 21:51:05.727444',79,1,6),(264,'2024-04-16 14:51:06.153411',60000,'A-37','2024-08-20 21:51:05.727444',98,1,6),(265,'2024-04-16 14:51:06.154410',60000,'A-36','2024-08-27 21:51:05.727444',3,1,6),(266,'2024-04-16 14:51:06.156408',60000,'A-35','2024-08-27 21:51:05.727444',76,1,6),(267,'2024-04-16 14:51:06.157441',60000,'A-34','2024-08-27 21:51:05.727444',72,1,6),(268,'2024-04-16 14:51:06.158408',60000,'A-33','2024-08-27 21:51:05.727444',96,1,6),(269,'2024-04-16 14:51:06.159415',60000,'A-32','2024-09-03 21:51:05.727444',84,1,6),(270,'2024-04-16 14:51:06.160424',60000,'A-31','2024-08-27 21:51:05.727444',42,1,6),(271,'2024-04-16 14:51:06.161422',60000,'A-30','2024-09-03 21:51:05.727444',75,1,6),(272,'2024-04-16 14:51:06.162423',60000,'A-29','2024-09-03 21:51:05.727444',96,1,6),(273,'2024-04-16 14:51:06.164557',60000,'A-28','2024-08-13 21:51:05.727444',48,1,6),(274,'2024-04-16 14:51:06.165557',60000,'A-27','2024-08-20 21:51:05.727444',42,1,6),(275,'2024-04-16 14:51:06.166556',60000,'A-26','2024-09-03 21:51:05.727444',34,1,6),(276,'2024-04-16 14:51:06.167556',60000,'A-25','2024-08-13 21:51:05.727444',39,1,6),(277,'2024-04-16 14:51:06.168557',60000,'A-24','2024-08-13 21:51:05.727444',28,1,6),(278,'2024-04-16 14:51:06.169556',60000,'A-23','2024-08-27 21:51:05.727444',95,1,6),(279,'2024-04-16 14:51:06.171060',60000,'A-22','2024-08-20 21:51:05.727444',48,1,6),(280,'2024-04-16 14:51:06.172584',60000,'A-21','2024-09-03 21:51:05.727444',84,1,6),(281,'2024-04-16 14:51:06.173589',60000,'A-20','2024-08-13 21:51:05.727444',98,1,6),(282,'2024-04-16 14:51:06.174589',60000,'A-19','2024-08-13 21:51:05.727444',27,1,6),(283,'2024-04-16 14:51:06.175643',60000,'A-18','2024-08-27 21:51:05.727444',55,1,6),(284,'2024-04-16 14:51:06.176654',60000,'A-17','2024-08-13 21:51:05.727444',87,1,6),(285,'2024-04-16 14:51:06.177660',60000,'A-16','2024-08-20 21:51:05.727444',76,1,6),(286,'2024-04-16 14:51:06.178659',60000,'A-15','2024-08-20 21:51:05.727444',50,1,6),(287,'2024-04-16 14:51:06.179660',60000,'A-14','2024-08-13 21:51:05.727444',39,1,6),(288,'2024-04-16 14:51:06.181659',60000,'A-13','2024-09-03 21:51:05.727444',98,1,6),(289,'2024-04-16 14:51:06.182661',60000,'A-12','2024-09-03 21:51:05.727444',2,1,6),(290,'2024-04-16 14:51:06.183704',60000,'A-11','2024-08-27 21:51:05.727444',86,1,6),(291,'2024-04-16 14:51:06.185702',60000,'A-10','2024-09-03 21:51:05.727444',80,1,6),(292,'2024-04-16 14:51:06.186709',60000,'A-9','2024-09-03 21:51:05.727444',37,1,6),(293,'2024-04-16 14:51:06.187715',60000,'A-8','2024-08-20 21:51:05.727444',86,1,6),(294,'2024-04-16 14:51:06.188715',60000,'A-7','2024-08-20 21:51:05.727444',80,1,6),(295,'2024-04-16 14:51:06.189720',60000,'A-6','2024-08-27 21:51:05.727444',53,1,6),(296,'2024-04-16 14:51:06.191726',60000,'A-5','2024-09-03 21:51:05.727444',30,1,6),(297,'2024-04-16 14:51:06.192738',60000,'A-4','2024-08-20 21:51:05.727444',79,1,6),(298,'2024-04-16 14:51:06.193857',60000,'A-3','2024-09-03 21:51:05.727444',59,1,6),(299,'2024-04-16 14:51:06.195854',60000,'A-2','2024-08-20 21:51:05.727444',39,1,6),(300,'2024-04-16 14:51:06.196855',60000,'A-1','2024-09-03 21:51:05.727444',28,1,6),(301,'2024-04-16 14:51:06.198855',50000,'A-50','2024-09-24 21:51:05.728445',86,1,7),(302,'2024-04-16 14:51:06.199854',50000,'A-49','2024-10-01 21:51:05.728445',72,1,7),(303,'2024-04-16 14:51:06.200855',50000,'A-48','2024-10-01 21:51:05.728445',72,1,7),(304,'2024-04-16 14:51:06.202360',50000,'A-47','2024-09-24 21:51:05.728445',30,1,7),(305,'2024-04-16 14:51:06.204366',50000,'A-46','2024-10-01 21:51:05.728445',11,1,7),(306,'2024-04-16 14:51:06.205365',50000,'A-45','2024-10-01 21:51:05.728445',28,1,7),(307,'2024-04-16 14:51:06.206366',50000,'A-44','2024-09-24 21:51:05.728445',63,1,7),(308,'2024-04-16 14:51:06.207366',50000,'A-43','2024-10-08 21:51:05.728445',11,1,7),(309,'2024-04-16 14:51:06.209371',50000,'A-42','2024-09-24 21:51:05.728445',80,1,7),(310,'2024-04-16 14:51:06.210366',50000,'A-41','2024-10-01 21:51:05.728445',27,1,7),(311,'2024-04-16 14:51:06.211365',50000,'A-40','2024-09-24 21:51:05.728445',86,1,7),(312,'2024-04-16 14:51:06.212372',50000,'A-39','2024-09-24 21:51:05.728445',95,1,7),(313,'2024-04-16 14:51:06.213487',50000,'A-38','2024-10-08 21:51:05.728445',95,1,7),(314,'2024-04-16 14:51:06.215487',50000,'A-37','2024-10-01 21:51:05.728445',59,1,7),(315,'2024-04-16 14:51:06.216493',50000,'A-36','2024-10-15 21:51:05.728445',86,1,7),(316,'2024-04-16 14:51:06.217499',50000,'A-35','2024-10-15 21:51:05.728445',80,1,7),(317,'2024-04-16 14:51:06.218499',50000,'A-34','2024-10-01 21:51:05.728445',28,1,7),(318,'2024-04-16 14:51:06.219499',50000,'A-33','2024-10-01 21:51:05.728445',27,1,7),(319,'2024-04-16 14:51:06.220498',50000,'A-32','2024-10-08 21:51:05.728445',59,1,7),(320,'2024-04-16 14:51:06.222498',50000,'A-31','2024-10-01 21:51:05.728445',52,1,7),(321,'2024-04-16 14:51:06.222498',50000,'A-30','2024-09-24 21:51:05.728445',42,1,7),(322,'2024-04-16 14:51:06.224946',50000,'A-29','2024-10-08 21:51:05.728445',59,1,7),(323,'2024-04-16 14:51:06.225947',50000,'A-28','2024-10-15 21:51:05.728445',34,1,7),(324,'2024-04-16 14:51:06.226948',50000,'A-27','2024-10-01 21:51:05.728445',84,1,7),(325,'2024-04-16 14:51:06.227948',50000,'A-26','2024-09-24 21:51:05.728445',2,1,7),(326,'2024-04-16 14:51:06.228947',50000,'A-25','2024-09-24 21:51:05.728445',8,1,7),(327,'2024-04-16 14:51:06.230947',50000,'A-24','2024-10-01 21:51:05.728445',48,1,7),(328,'2024-04-16 14:51:06.232451',50000,'A-23','2024-10-01 21:51:05.728445',30,1,7),(329,'2024-04-16 14:51:06.233458',50000,'A-22','2024-09-24 21:51:05.728445',80,1,7),(330,'2024-04-16 14:51:06.234458',50000,'A-21','2024-10-01 21:51:05.728445',63,1,7),(331,'2024-04-16 14:51:06.235457',50000,'A-20','2024-10-01 21:51:05.728445',55,1,7),(332,'2024-04-16 14:51:06.236456',50000,'A-19','2024-09-24 21:51:05.728445',75,1,7),(333,'2024-04-16 14:51:06.237457',50000,'A-18','2024-09-24 21:51:05.728445',40,1,7),(334,'2024-04-16 14:51:06.238456',50000,'A-17','2024-09-24 21:51:05.728445',40,1,7),(335,'2024-04-16 14:51:06.240456',50000,'A-16','2024-09-24 21:51:05.728445',84,1,7),(336,'2024-04-16 14:51:06.241457',50000,'A-15','2024-10-15 21:51:05.728445',95,1,7),(337,'2024-04-16 14:51:06.242461',50000,'A-14','2024-10-15 21:51:05.728445',72,1,7),(338,'2024-04-16 14:51:06.242969',50000,'A-13','2024-10-08 21:51:05.728445',3,1,7),(339,'2024-04-16 14:51:06.243973',50000,'A-12','2024-10-01 21:51:05.728445',11,1,7),(340,'2024-04-16 14:51:06.245974',50000,'A-11','2024-10-08 21:51:05.728445',42,1,7),(341,'2024-04-16 14:51:06.246980',50000,'A-10','2024-10-08 21:51:05.728445',30,1,7),(342,'2024-04-16 14:51:06.248975',50000,'A-9','2024-09-24 21:51:05.728445',3,1,7),(343,'2024-04-16 14:51:06.249974',50000,'A-8','2024-10-15 21:51:05.728445',55,1,7),(344,'2024-04-16 14:51:06.250974',50000,'A-7','2024-10-01 21:51:05.728445',72,1,7),(345,'2024-04-16 14:51:06.252478',50000,'A-6','2024-09-24 21:51:05.728445',8,1,7),(346,'2024-04-16 14:51:06.254486',50000,'A-5','2024-09-24 21:51:05.728445',79,1,7),(347,'2024-04-16 14:51:06.255483',50000,'A-4','2024-10-15 21:51:05.728445',80,1,7),(348,'2024-04-16 14:51:06.256483',50000,'A-3','2024-10-15 21:51:05.728445',84,1,7),(349,'2024-04-16 14:51:06.258483',50000,'A-2','2024-10-15 21:51:05.728445',11,1,7),(350,'2024-04-16 14:51:06.259483',50000,'A-1','2024-10-15 21:51:05.728445',84,1,7),(351,'2024-04-16 14:51:06.261483',90000,'A-50','2024-08-06 21:51:05.730446',27,1,8),(352,'2024-04-16 14:51:06.262485',90000,'A-49','2024-08-13 21:51:05.730446',11,1,8),(353,'2024-04-16 14:51:06.263563',90000,'A-48','2024-08-06 21:51:05.730446',95,1,8),(354,'2024-04-16 14:51:06.265562',90000,'A-47','2024-08-20 21:51:05.730446',42,1,8),(355,'2024-04-16 14:51:06.266564',90000,'A-46','2024-08-27 21:51:05.730446',75,1,8),(356,'2024-04-16 14:51:06.268564',90000,'A-45','2024-08-27 21:51:05.730446',28,1,8),(357,'2024-04-16 14:51:06.269564',90000,'A-44','2024-08-20 21:51:05.730446',95,1,8),(358,'2024-04-16 14:51:06.271070',90000,'A-43','2024-08-27 21:51:05.730446',87,1,8),(359,'2024-04-16 14:51:06.272669',90000,'A-42','2024-08-06 21:51:05.730446',48,1,8),(360,'2024-04-16 14:51:06.273641',90000,'A-41','2024-08-13 21:51:05.730446',76,1,8),(361,'2024-04-16 14:51:06.274642',90000,'A-40','2024-08-20 21:51:05.730446',96,1,8),(362,'2024-04-16 14:51:06.275641',90000,'A-39','2024-08-13 21:51:05.730446',37,1,8),(363,'2024-04-16 14:51:06.277641',90000,'A-38','2024-08-06 21:51:05.730446',87,1,8),(364,'2024-04-16 14:51:06.278640',90000,'A-37','2024-08-06 21:51:05.730446',87,1,8),(365,'2024-04-16 14:51:06.279641',90000,'A-36','2024-08-20 21:51:05.730446',3,1,8),(366,'2024-04-16 14:51:06.280642',90000,'A-35','2024-08-27 21:51:05.730446',52,1,8),(367,'2024-04-16 14:51:06.281640',90000,'A-34','2024-08-27 21:51:05.730446',75,1,8),(368,'2024-04-16 14:51:06.282641',90000,'A-33','2024-08-13 21:51:05.730446',95,1,8),(369,'2024-04-16 14:51:06.283785',90000,'A-32','2024-08-06 21:51:05.730446',55,1,8),(370,'2024-04-16 14:51:06.284784',90000,'A-31','2024-08-20 21:51:05.730446',39,1,8),(371,'2024-04-16 14:51:06.286784',90000,'A-30','2024-08-27 21:51:05.730446',86,1,8),(372,'2024-04-16 14:51:06.287784',90000,'A-29','2024-08-06 21:51:05.730446',84,1,8),(373,'2024-04-16 14:51:06.288790',90000,'A-28','2024-08-13 21:51:05.730446',76,1,8),(374,'2024-04-16 14:51:06.289804',90000,'A-27','2024-08-20 21:51:05.730446',86,1,8),(375,'2024-04-16 14:51:06.290810',90000,'A-26','2024-08-13 21:51:05.730446',28,1,8),(376,'2024-04-16 14:51:06.292316',90000,'A-25','2024-08-20 21:51:05.730446',52,1,8),(377,'2024-04-16 14:51:06.293324',90000,'A-24','2024-08-20 21:51:05.730446',52,1,8),(378,'2024-04-16 14:51:06.294324',90000,'A-23','2024-08-13 21:51:05.730446',11,1,8),(379,'2024-04-16 14:51:06.295323',90000,'A-22','2024-08-13 21:51:05.730446',11,1,8),(380,'2024-04-16 14:51:06.296333',90000,'A-21','2024-08-20 21:51:05.730446',34,1,8),(381,'2024-04-16 14:51:06.297341',90000,'A-20','2024-08-13 21:51:05.730446',2,1,8),(382,'2024-04-16 14:51:06.298340',90000,'A-19','2024-08-06 21:51:05.730446',95,1,8),(383,'2024-04-16 14:51:06.300339',90000,'A-18','2024-08-27 21:51:05.730446',63,1,8),(384,'2024-04-16 14:51:06.301339',90000,'A-17','2024-08-20 21:51:05.730446',8,1,8),(385,'2024-04-16 14:51:06.302340',90000,'A-16','2024-08-13 21:51:05.730446',86,1,8),(386,'2024-04-16 14:51:06.303425',90000,'A-15','2024-08-20 21:51:05.730446',75,1,8),(387,'2024-04-16 14:51:06.305425',90000,'A-14','2024-08-27 21:51:05.730446',96,1,8),(388,'2024-04-16 14:51:06.306424',90000,'A-13','2024-08-27 21:51:05.730446',96,1,8),(389,'2024-04-16 14:51:06.307436',90000,'A-12','2024-08-20 21:51:05.730446',95,1,8),(390,'2024-04-16 14:51:06.308425',90000,'A-11','2024-08-20 21:51:05.730446',84,1,8),(391,'2024-04-16 14:51:06.309431',90000,'A-10','2024-08-13 21:51:05.730446',76,1,8),(392,'2024-04-16 14:51:06.310436',90000,'A-9','2024-08-13 21:51:05.730446',96,1,8),(393,'2024-04-16 14:51:06.312450',90000,'A-8','2024-08-27 21:51:05.730446',3,1,8),(394,'2024-04-16 14:51:06.313968',90000,'A-7','2024-08-27 21:51:05.730446',59,1,8),(395,'2024-04-16 14:51:06.314968',90000,'A-6','2024-08-13 21:51:05.730446',8,1,8),(396,'2024-04-16 14:51:06.315968',90000,'A-5','2024-08-27 21:51:05.730446',75,1,8),(397,'2024-04-16 14:51:06.316968',90000,'A-4','2024-08-06 21:51:05.730446',53,1,8),(398,'2024-04-16 14:51:06.317982',90000,'A-3','2024-08-27 21:51:05.730446',11,1,8),(399,'2024-04-16 14:51:06.318967',90000,'A-2','2024-08-13 21:51:05.730446',79,1,8),(400,'2024-04-16 14:51:06.319967',90000,'A-1','2024-08-06 21:51:05.730446',87,1,8),(401,'2024-04-16 14:51:06.322473',80000,'A-50','2024-10-29 21:51:05.731445',94,1,9),(402,'2024-04-16 14:51:06.324481',80000,'A-49','2024-10-08 21:51:05.731445',42,1,9),(403,'2024-04-16 14:51:06.325480',80000,'A-48','2024-10-08 21:51:05.731445',42,1,9),(404,'2024-04-16 14:51:06.326479',80000,'A-47','2024-10-22 21:51:05.731445',30,1,9),(405,'2024-04-16 14:51:06.328480',80000,'A-46','2024-10-22 21:51:05.731445',94,1,9),(406,'2024-04-16 14:51:06.329480',80000,'A-45','2024-10-22 21:51:05.731445',48,1,9),(407,'2024-04-16 14:51:06.330481',80000,'A-44','2024-10-08 21:51:05.731445',96,1,9),(408,'2024-04-16 14:51:06.331478',80000,'A-43','2024-10-22 21:51:05.731445',63,1,9),(409,'2024-04-16 14:51:06.332506',80000,'A-42','2024-10-22 21:51:05.731445',37,1,9),(410,'2024-04-16 14:51:06.333016',80000,'A-41','2024-10-22 21:51:05.731445',49,1,9),(411,'2024-04-16 14:51:06.335023',80000,'A-40','2024-10-15 21:51:05.731445',95,1,9),(412,'2024-04-16 14:51:06.336024',80000,'A-39','2024-10-08 21:51:05.731445',79,1,9),(413,'2024-04-16 14:51:06.337022',80000,'A-38','2024-10-08 21:51:05.731445',59,1,9),(414,'2024-04-16 14:51:06.338021',80000,'A-37','2024-10-22 21:51:05.731445',96,1,9),(415,'2024-04-16 14:51:06.340021',80000,'A-36','2024-10-29 21:51:05.731445',87,1,9),(416,'2024-04-16 14:51:06.341024',80000,'A-35','2024-10-29 21:51:05.731445',8,1,9),(417,'2024-04-16 14:51:06.342529',80000,'A-34','2024-10-22 21:51:05.731445',79,1,9),(418,'2024-04-16 14:51:06.343534',80000,'A-33','2024-10-15 21:51:05.731445',39,1,9),(419,'2024-04-16 14:51:06.344534',80000,'A-32','2024-10-15 21:51:05.731445',84,1,9),(420,'2024-04-16 14:51:06.345536',80000,'A-31','2024-10-08 21:51:05.731445',79,1,9),(421,'2024-04-16 14:51:06.347535',80000,'A-30','2024-10-15 21:51:05.731445',42,1,9),(422,'2024-04-16 14:51:06.348533',80000,'A-29','2024-10-15 21:51:05.731445',63,1,9),(423,'2024-04-16 14:51:06.349550',80000,'A-28','2024-10-08 21:51:05.731445',49,1,9),(424,'2024-04-16 14:51:06.350534',80000,'A-27','2024-10-29 21:51:05.731445',55,1,9),(425,'2024-04-16 14:51:06.351535',80000,'A-26','2024-10-08 21:51:05.731445',63,1,9),(426,'2024-04-16 14:51:06.352533',80000,'A-25','2024-10-29 21:51:05.731445',8,1,9),(427,'2024-04-16 14:51:06.354556',80000,'A-24','2024-10-08 21:51:05.731445',48,1,9),(428,'2024-04-16 14:51:06.355555',80000,'A-23','2024-10-22 21:51:05.731445',2,1,9),(429,'2024-04-16 14:51:06.356555',80000,'A-22','2024-10-29 21:51:05.731445',28,1,9),(430,'2024-04-16 14:51:06.357555',80000,'A-21','2024-10-22 21:51:05.731445',98,1,9),(431,'2024-04-16 14:51:06.358568',80000,'A-20','2024-10-29 21:51:05.731445',95,1,9),(432,'2024-04-16 14:51:06.360556',80000,'A-19','2024-10-29 21:51:05.731445',48,1,9),(433,'2024-04-16 14:51:06.361569',80000,'A-18','2024-10-15 21:51:05.731445',76,1,9),(434,'2024-04-16 14:51:06.362573',80000,'A-17','2024-10-15 21:51:05.731445',52,1,9),(435,'2024-04-16 14:51:06.363085',80000,'A-16','2024-10-22 21:51:05.731445',48,1,9),(436,'2024-04-16 14:51:06.365092',80000,'A-15','2024-10-29 21:51:05.731445',8,1,9),(437,'2024-04-16 14:51:06.367094',80000,'A-14','2024-10-29 21:51:05.731445',30,1,9),(438,'2024-04-16 14:51:06.370093',80000,'A-13','2024-10-29 21:51:05.731445',39,1,9),(439,'2024-04-16 14:51:06.372613',80000,'A-12','2024-10-29 21:51:05.731445',30,1,9),(440,'2024-04-16 14:51:06.375641',80000,'A-11','2024-10-22 21:51:05.731445',40,1,9),(441,'2024-04-16 14:51:06.377829',80000,'A-10','2024-10-22 21:51:05.731445',2,1,9),(442,'2024-04-16 14:51:06.379676',80000,'A-9','2024-10-15 21:51:05.731445',63,1,9),(443,'2024-04-16 14:51:06.382442',80000,'A-8','2024-10-29 21:51:05.731445',94,1,9),(444,'2024-04-16 14:51:06.384364',80000,'A-7','2024-10-22 21:51:05.731445',42,1,9),(445,'2024-04-16 14:51:06.385404',80000,'A-6','2024-10-29 21:51:05.731445',79,1,9),(446,'2024-04-16 14:51:06.387442',80000,'A-5','2024-10-22 21:51:05.731445',39,1,9),(447,'2024-04-16 14:51:06.388430',80000,'A-4','2024-10-08 21:51:05.731445',37,1,9),(448,'2024-04-16 14:51:06.389431',80000,'A-3','2024-10-15 21:51:05.731445',30,1,9),(449,'2024-04-16 14:51:06.391430',80000,'A-2','2024-10-22 21:51:05.731445',75,1,9),(450,'2024-04-16 14:51:06.392442',80000,'A-1','2024-10-08 21:51:05.731445',8,1,9),(451,'2024-04-16 14:51:06.394861',50000,'A-50','2024-08-13 21:51:05.733962',27,1,10),(452,'2024-04-16 14:51:06.395860',50000,'A-49','2024-08-06 21:51:05.733962',87,1,10),(453,'2024-04-16 14:51:06.396860',50000,'A-48','2024-08-20 21:51:05.733962',40,1,10),(454,'2024-04-16 14:51:06.398863',50000,'A-47','2024-08-20 21:51:05.733962',96,1,10),(455,'2024-04-16 14:51:06.400861',50000,'A-46','2024-08-06 21:51:05.733962',28,1,10),(456,'2024-04-16 14:51:06.402366',50000,'A-45','2024-08-13 21:51:05.733962',55,1,10),(457,'2024-04-16 14:51:06.403390',50000,'A-44','2024-08-06 21:51:05.733962',79,1,10),(458,'2024-04-16 14:51:06.405395',50000,'A-43','2024-07-30 21:51:05.733962',95,1,10),(459,'2024-04-16 14:51:06.406403',50000,'A-42','2024-08-06 21:51:05.733962',39,1,10),(460,'2024-04-16 14:51:06.407395',50000,'A-41','2024-08-13 21:51:05.733962',76,1,10),(461,'2024-04-16 14:51:06.409397',50000,'A-40','2024-07-30 21:51:05.733962',75,1,10),(462,'2024-04-16 14:51:06.410403',50000,'A-39','2024-08-13 21:51:05.733962',48,1,10),(463,'2024-04-16 14:51:06.411396',50000,'A-38','2024-07-30 21:51:05.733962',28,1,10),(464,'2024-04-16 14:51:06.412395',50000,'A-37','2024-08-13 21:51:05.733962',48,1,10),(465,'2024-04-16 14:51:06.414568',50000,'A-36','2024-08-13 21:51:05.733962',94,1,10),(466,'2024-04-16 14:51:06.415579',50000,'A-35','2024-07-30 21:51:05.733962',79,1,10),(467,'2024-04-16 14:51:06.416568',50000,'A-34','2024-08-20 21:51:05.733962',87,1,10),(468,'2024-04-16 14:51:06.417573',50000,'A-33','2024-08-06 21:51:05.733962',28,1,10),(469,'2024-04-16 14:51:06.418587',50000,'A-32','2024-08-06 21:51:05.733962',94,1,10),(470,'2024-04-16 14:51:06.419594',50000,'A-31','2024-08-13 21:51:05.733962',3,1,10),(471,'2024-04-16 14:51:06.421593',50000,'A-30','2024-07-30 21:51:05.733962',49,1,10),(472,'2024-04-16 14:51:06.422595',50000,'A-29','2024-07-30 21:51:05.733962',34,1,10),(473,'2024-04-16 14:51:06.423624',50000,'A-28','2024-07-30 21:51:05.733962',95,1,10),(474,'2024-04-16 14:51:06.425622',50000,'A-27','2024-08-06 21:51:05.733962',94,1,10),(475,'2024-04-16 14:51:06.426623',50000,'A-26','2024-08-20 21:51:05.733962',8,1,10),(476,'2024-04-16 14:51:06.427623',50000,'A-25','2024-08-06 21:51:05.733962',80,1,10),(477,'2024-04-16 14:51:06.428622',50000,'A-24','2024-07-30 21:51:05.733962',49,1,10),(478,'2024-04-16 14:51:06.429625',50000,'A-23','2024-08-06 21:51:05.733962',39,1,10),(479,'2024-04-16 14:51:06.431623',50000,'A-22','2024-08-20 21:51:05.733962',28,1,10),(480,'2024-04-16 14:51:06.434134',50000,'A-21','2024-07-30 21:51:05.733962',59,1,10),(481,'2024-04-16 14:51:06.435134',50000,'A-20','2024-07-30 21:51:05.733962',49,1,10),(482,'2024-04-16 14:51:06.436134',50000,'A-19','2024-08-20 21:51:05.733962',2,1,10),(483,'2024-04-16 14:51:06.437136',50000,'A-18','2024-08-20 21:51:05.733962',48,1,10),(484,'2024-04-16 14:51:06.439134',50000,'A-17','2024-07-30 21:51:05.733962',49,1,10),(485,'2024-04-16 14:51:06.440134',50000,'A-16','2024-08-06 21:51:05.733962',3,1,10),(486,'2024-04-16 14:51:06.441136',50000,'A-15','2024-08-13 21:51:05.733962',80,1,10),(487,'2024-04-16 14:51:06.442646',50000,'A-14','2024-08-20 21:51:05.733962',96,1,10),(488,'2024-04-16 14:51:06.443656',50000,'A-13','2024-08-13 21:51:05.733962',75,1,10),(489,'2024-04-16 14:51:06.444654',50000,'A-12','2024-07-30 21:51:05.733962',98,1,10),(490,'2024-04-16 14:51:06.445655',50000,'A-11','2024-08-20 21:51:05.733962',53,1,10),(491,'2024-04-16 14:51:06.447655',50000,'A-10','2024-08-20 21:51:05.733962',2,1,10),(492,'2024-04-16 14:51:06.448655',50000,'A-9','2024-08-06 21:51:05.733962',48,1,10),(493,'2024-04-16 14:51:06.449656',50000,'A-8','2024-08-20 21:51:05.733962',37,1,10),(494,'2024-04-16 14:51:06.451655',50000,'A-7','2024-07-30 21:51:05.733962',34,1,10),(495,'2024-04-16 14:51:06.453163',50000,'A-6','2024-08-06 21:51:05.733962',59,1,10),(496,'2024-04-16 14:51:06.454173',50000,'A-5','2024-07-30 21:51:05.733962',52,1,10),(497,'2024-04-16 14:51:06.455171',50000,'A-4','2024-08-20 21:51:05.733962',94,1,10),(498,'2024-04-16 14:51:06.456170',50000,'A-3','2024-08-20 21:51:05.733962',28,1,10),(499,'2024-04-16 14:51:06.457172',50000,'A-2','2024-08-06 21:51:05.733962',84,1,10),(500,'2024-04-16 14:51:06.459172',50000,'A-1','2024-08-06 21:51:05.733962',94,1,10),(501,'2024-04-16 14:51:06.462682',90000,'A-50','2024-10-08 21:51:05.734968',30,1,11),(502,'2024-04-16 14:51:06.464691',90000,'A-49','2024-10-22 21:51:05.734968',63,1,11),(503,'2024-04-16 14:51:06.466723',90000,'A-48','2024-10-29 21:51:05.734968',8,1,11),(504,'2024-04-16 14:51:06.467692',90000,'A-47','2024-10-08 21:51:05.734968',72,1,11),(505,'2024-04-16 14:51:06.468691',90000,'A-46','2024-10-15 21:51:05.734968',27,1,11),(506,'2024-04-16 14:51:06.469688',90000,'A-45','2024-10-29 21:51:05.734968',59,1,11),(507,'2024-04-16 14:51:06.471192',90000,'A-44','2024-10-29 21:51:05.734968',55,1,11),(508,'2024-04-16 14:51:06.472715',90000,'A-43','2024-10-15 21:51:05.734968',42,1,11),(509,'2024-04-16 14:51:06.473721',90000,'A-42','2024-10-22 21:51:05.734968',53,1,11),(510,'2024-04-16 14:51:06.474721',90000,'A-41','2024-10-29 21:51:05.734968',95,1,11),(511,'2024-04-16 14:51:06.476726',90000,'A-40','2024-10-15 21:51:05.734968',3,1,11),(512,'2024-04-16 14:51:06.477739',90000,'A-39','2024-10-08 21:51:05.734968',42,1,11),(513,'2024-04-16 14:51:06.478742',90000,'A-38','2024-10-22 21:51:05.734968',27,1,11),(514,'2024-04-16 14:51:06.479729',90000,'A-37','2024-10-29 21:51:05.734968',28,1,11),(515,'2024-04-16 14:51:06.480726',90000,'A-36','2024-10-08 21:51:05.734968',50,1,11),(516,'2024-04-16 14:51:06.481728',90000,'A-35','2024-10-22 21:51:05.734968',30,1,11),(517,'2024-04-16 14:51:06.482730',90000,'A-34','2024-10-15 21:51:05.734968',27,1,11),(518,'2024-04-16 14:51:06.484778',90000,'A-33','2024-10-22 21:51:05.734968',11,1,11),(519,'2024-04-16 14:51:06.485783',90000,'A-32','2024-10-08 21:51:05.734968',72,1,11),(520,'2024-04-16 14:51:06.486795',90000,'A-31','2024-10-15 21:51:05.734968',8,1,11),(521,'2024-04-16 14:51:06.487808',90000,'A-30','2024-10-08 21:51:05.734968',30,1,11),(522,'2024-04-16 14:51:06.488821',90000,'A-29','2024-10-29 21:51:05.734968',37,1,11),(523,'2024-04-16 14:51:06.489828',90000,'A-28','2024-10-29 21:51:05.734968',72,1,11),(524,'2024-04-16 14:51:06.490828',90000,'A-27','2024-10-29 21:51:05.734968',79,1,11),(525,'2024-04-16 14:51:06.492332',90000,'A-26','2024-10-15 21:51:05.734968',3,1,11),(526,'2024-04-16 14:51:06.493337',90000,'A-25','2024-10-15 21:51:05.734968',94,1,11),(527,'2024-04-16 14:51:06.494337',90000,'A-24','2024-10-15 21:51:05.734968',2,1,11),(528,'2024-04-16 14:51:06.496337',90000,'A-23','2024-10-08 21:51:05.734968',63,1,11),(529,'2024-04-16 14:51:06.497337',90000,'A-22','2024-10-15 21:51:05.734968',39,1,11),(530,'2024-04-16 14:51:06.498341',90000,'A-21','2024-10-22 21:51:05.734968',80,1,11),(531,'2024-04-16 14:51:06.499339',90000,'A-20','2024-10-22 21:51:05.734968',49,1,11),(532,'2024-04-16 14:51:06.500338',90000,'A-19','2024-10-22 21:51:05.734968',55,1,11),(533,'2024-04-16 14:51:06.501338',90000,'A-18','2024-10-29 21:51:05.734968',72,1,11),(534,'2024-04-16 14:51:06.502337',90000,'A-17','2024-10-22 21:51:05.734968',53,1,11),(535,'2024-04-16 14:51:06.504524',90000,'A-16','2024-10-15 21:51:05.734968',63,1,11),(536,'2024-04-16 14:51:06.505523',90000,'A-15','2024-10-22 21:51:05.734968',79,1,11),(537,'2024-04-16 14:51:06.506536',90000,'A-14','2024-10-08 21:51:05.734968',28,1,11),(538,'2024-04-16 14:51:06.507524',90000,'A-13','2024-10-22 21:51:05.734968',55,1,11),(539,'2024-04-16 14:51:06.508524',90000,'A-12','2024-10-22 21:51:05.734968',84,1,11),(540,'2024-04-16 14:51:06.510523',90000,'A-11','2024-10-22 21:51:05.734968',76,1,11),(541,'2024-04-16 14:51:06.511535',90000,'A-10','2024-10-22 21:51:05.734968',39,1,11),(542,'2024-04-16 14:51:06.513543',90000,'A-9','2024-10-08 21:51:05.734968',59,1,11),(543,'2024-04-16 14:51:06.514572',90000,'A-8','2024-10-15 21:51:05.734968',72,1,11),(544,'2024-04-16 14:51:06.515544',90000,'A-7','2024-10-29 21:51:05.734968',63,1,11),(545,'2024-04-16 14:51:06.516552',90000,'A-6','2024-10-15 21:51:05.734968',3,1,11),(546,'2024-04-16 14:51:06.517557',90000,'A-5','2024-10-08 21:51:05.734968',11,1,11),(547,'2024-04-16 14:51:06.518558',90000,'A-4','2024-10-29 21:51:05.734968',8,1,11),(548,'2024-04-16 14:51:06.519565',90000,'A-3','2024-10-22 21:51:05.734968',76,1,11),(549,'2024-04-16 14:51:06.520571',90000,'A-2','2024-10-15 21:51:05.734968',34,1,11),(550,'2024-04-16 14:51:06.522570',90000,'A-1','2024-10-22 21:51:05.734968',2,1,11),(551,'2024-04-16 14:51:06.523854',50000,'A-50','2024-08-27 21:51:05.735964',98,1,12),(552,'2024-04-16 14:51:06.525865',50000,'A-49','2024-08-20 21:51:05.735964',49,1,12),(553,'2024-04-16 14:51:06.526855',50000,'A-48','2024-09-10 21:51:05.735964',30,1,12),(554,'2024-04-16 14:51:06.528853',50000,'A-47','2024-08-20 21:51:05.735964',50,1,12),(555,'2024-04-16 14:51:06.529853',50000,'A-46','2024-08-27 21:51:05.735964',34,1,12),(556,'2024-04-16 14:51:06.530853',50000,'A-45','2024-09-10 21:51:05.735964',98,1,12),(557,'2024-04-16 14:51:06.530853',50000,'A-44','2024-09-10 21:51:05.735964',84,1,12),(558,'2024-04-16 14:51:06.532357',50000,'A-43','2024-09-10 21:51:05.735964',75,1,12),(559,'2024-04-16 14:51:06.533371',50000,'A-42','2024-08-27 21:51:05.735964',27,1,12),(560,'2024-04-16 14:51:06.534378',50000,'A-41','2024-09-03 21:51:05.735964',30,1,12),(561,'2024-04-16 14:51:06.536377',50000,'A-40','2024-09-03 21:51:05.735964',55,1,12),(562,'2024-04-16 14:51:06.537377',50000,'A-39','2024-08-27 21:51:05.735964',34,1,12),(563,'2024-04-16 14:51:06.538383',50000,'A-38','2024-09-10 21:51:05.735964',39,1,12),(564,'2024-04-16 14:51:06.539389',50000,'A-37','2024-09-10 21:51:05.735964',34,1,12),(565,'2024-04-16 14:51:06.540389',50000,'A-36','2024-08-27 21:51:05.735964',52,1,12),(566,'2024-04-16 14:51:06.541394',50000,'A-35','2024-09-03 21:51:05.735964',39,1,12),(567,'2024-04-16 14:51:06.542390',50000,'A-34','2024-08-27 21:51:05.735964',50,1,12),(568,'2024-04-16 14:51:06.543410',50000,'A-33','2024-08-27 21:51:05.735964',95,1,12),(569,'2024-04-16 14:51:06.545411',50000,'A-32','2024-09-10 21:51:05.735964',86,1,12),(570,'2024-04-16 14:51:06.546411',50000,'A-31','2024-09-10 21:51:05.735964',72,1,12),(571,'2024-04-16 14:51:06.547411',50000,'A-30','2024-08-27 21:51:05.735964',98,1,12),(572,'2024-04-16 14:51:06.548410',50000,'A-29','2024-08-27 21:51:05.735964',87,1,12),(573,'2024-04-16 14:51:06.549410',50000,'A-28','2024-09-03 21:51:05.735964',75,1,12),(574,'2024-04-16 14:51:06.550410',50000,'A-27','2024-09-10 21:51:05.735964',87,1,12),(575,'2024-04-16 14:51:06.551411',50000,'A-26','2024-09-10 21:51:05.735964',63,1,12),(576,'2024-04-16 14:51:06.552412',50000,'A-25','2024-09-03 21:51:05.735964',98,1,12),(577,'2024-04-16 14:51:06.554643',50000,'A-24','2024-08-27 21:51:05.735964',27,1,12),(578,'2024-04-16 14:51:06.555657',50000,'A-23','2024-08-20 21:51:05.735964',59,1,12),(579,'2024-04-16 14:51:06.556642',50000,'A-22','2024-08-27 21:51:05.735964',94,1,12),(580,'2024-04-16 14:51:06.557642',50000,'A-21','2024-09-03 21:51:05.735964',42,1,12),(581,'2024-04-16 14:51:06.558641',50000,'A-20','2024-09-03 21:51:05.735964',30,1,12),(582,'2024-04-16 14:51:06.559648',50000,'A-19','2024-09-10 21:51:05.735964',86,1,12),(583,'2024-04-16 14:51:06.560657',50000,'A-18','2024-08-27 21:51:05.735964',2,1,12),(584,'2024-04-16 14:51:06.561654',50000,'A-17','2024-08-27 21:51:05.735964',48,1,12),(585,'2024-04-16 14:51:06.562655',50000,'A-16','2024-08-20 21:51:05.735964',27,1,12),(586,'2024-04-16 14:51:06.564876',50000,'A-15','2024-09-10 21:51:05.735964',72,1,12),(587,'2024-04-16 14:51:06.565864',50000,'A-14','2024-09-10 21:51:05.735964',27,1,12),(588,'2024-04-16 14:51:06.567865',50000,'A-13','2024-09-03 21:51:05.735964',2,1,12),(589,'2024-04-16 14:51:06.568906',50000,'A-12','2024-09-10 21:51:05.735964',94,1,12),(590,'2024-04-16 14:51:06.569920',50000,'A-11','2024-08-20 21:51:05.735964',48,1,12),(591,'2024-04-16 14:51:06.571516',50000,'A-10','2024-09-03 21:51:05.735964',80,1,12),(592,'2024-04-16 14:51:06.572446',50000,'A-9','2024-08-27 21:51:05.735964',34,1,12),(593,'2024-04-16 14:51:06.573474',50000,'A-8','2024-08-27 21:51:05.735964',30,1,12),(594,'2024-04-16 14:51:06.574475',50000,'A-7','2024-08-27 21:51:05.735964',28,1,12),(595,'2024-04-16 14:51:06.575475',50000,'A-6','2024-08-27 21:51:05.735964',59,1,12),(596,'2024-04-16 14:51:06.577474',50000,'A-5','2024-08-27 21:51:05.735964',49,1,12),(597,'2024-04-16 14:51:06.578480',50000,'A-4','2024-08-20 21:51:05.735964',49,1,12),(598,'2024-04-16 14:51:06.579486',50000,'A-3','2024-08-27 21:51:05.735964',98,1,12),(599,'2024-04-16 14:51:06.580485',50000,'A-2','2024-09-03 21:51:05.735964',79,1,12),(600,'2024-04-16 14:51:06.581485',50000,'A-1','2024-09-03 21:51:05.735964',98,1,12),(601,'2024-04-16 14:51:06.583514',60000,'A-50','2024-08-06 21:51:05.737962',76,1,13),(602,'2024-04-16 14:51:06.584517',60000,'A-49','2024-07-30 21:51:05.737962',50,1,13),(603,'2024-04-16 14:51:06.586515',60000,'A-48','2024-08-06 21:51:05.737962',84,1,13),(604,'2024-04-16 14:51:06.587514',60000,'A-47','2024-07-30 21:51:05.737962',96,1,13),(605,'2024-04-16 14:51:06.588514',60000,'A-46','2024-08-20 21:51:05.737962',48,1,13),(606,'2024-04-16 14:51:06.589515',60000,'A-45','2024-08-06 21:51:05.737962',50,1,13),(607,'2024-04-16 14:51:06.590514',60000,'A-44','2024-08-20 21:51:05.737962',55,1,13),(608,'2024-04-16 14:51:06.592514',60000,'A-43','2024-08-13 21:51:05.737962',72,1,13),(609,'2024-04-16 14:51:06.593701',60000,'A-42','2024-08-13 21:51:05.737962',79,1,13),(610,'2024-04-16 14:51:06.594700',60000,'A-41','2024-07-30 21:51:05.737962',50,1,13),(611,'2024-04-16 14:51:06.596699',60000,'A-40','2024-08-13 21:51:05.737962',72,1,13),(612,'2024-04-16 14:51:06.597699',60000,'A-39','2024-08-20 21:51:05.737962',59,1,13),(613,'2024-04-16 14:51:06.598712',60000,'A-38','2024-08-06 21:51:05.737962',76,1,13),(614,'2024-04-16 14:51:06.599711',60000,'A-37','2024-07-30 21:51:05.737962',63,1,13),(615,'2024-04-16 14:51:06.600712',60000,'A-36','2024-08-13 21:51:05.737962',2,1,13),(616,'2024-04-16 14:51:06.601699',60000,'A-35','2024-07-30 21:51:05.737962',76,1,13),(617,'2024-04-16 14:51:06.602699',60000,'A-34','2024-07-30 21:51:05.737962',37,1,13),(618,'2024-04-16 14:51:06.603760',60000,'A-33','2024-08-20 21:51:05.737962',42,1,13),(619,'2024-04-16 14:51:06.604756',60000,'A-32','2024-08-13 21:51:05.737962',63,1,13),(620,'2024-04-16 14:51:06.605756',60000,'A-31','2024-07-30 21:51:05.737962',50,1,13),(621,'2024-04-16 14:51:06.606757',60000,'A-30','2024-08-06 21:51:05.737962',98,1,13),(622,'2024-04-16 14:51:06.608757',60000,'A-29','2024-08-13 21:51:05.737962',37,1,13),(623,'2024-04-16 14:51:06.609756',60000,'A-28','2024-08-20 21:51:05.737962',34,1,13),(624,'2024-04-16 14:51:06.610763',60000,'A-27','2024-08-13 21:51:05.737962',75,1,13),(625,'2024-04-16 14:51:06.611769',60000,'A-26','2024-08-13 21:51:05.737962',52,1,13),(626,'2024-04-16 14:51:06.612769',60000,'A-25','2024-08-06 21:51:05.737962',76,1,13),(627,'2024-04-16 14:51:06.614794',60000,'A-24','2024-07-30 21:51:05.737962',2,1,13),(628,'2024-04-16 14:51:06.615803',60000,'A-23','2024-07-30 21:51:05.737962',79,1,13),(629,'2024-04-16 14:51:06.618817',60000,'A-22','2024-08-20 21:51:05.737962',86,1,13),(630,'2024-04-16 14:51:06.622328',60000,'A-21','2024-08-06 21:51:05.737962',3,1,13),(631,'2024-04-16 14:51:06.629354',60000,'A-20','2024-08-13 21:51:05.737962',96,1,13),(632,'2024-04-16 14:51:06.631351',60000,'A-19','2024-08-13 21:51:05.737962',28,1,13),(633,'2024-04-16 14:51:06.633638',60000,'A-18','2024-07-30 21:51:05.737962',63,1,13),(634,'2024-04-16 14:51:06.635662',60000,'A-17','2024-08-06 21:51:05.737962',63,1,13),(635,'2024-04-16 14:51:06.637635',60000,'A-16','2024-08-13 21:51:05.737962',63,1,13),(636,'2024-04-16 14:51:06.638648',60000,'A-15','2024-08-13 21:51:05.737962',55,1,13),(637,'2024-04-16 14:51:06.639635',60000,'A-14','2024-08-20 21:51:05.737962',59,1,13),(638,'2024-04-16 14:51:06.640636',60000,'A-13','2024-08-13 21:51:05.737962',59,1,13),(639,'2024-04-16 14:51:06.641634',60000,'A-12','2024-08-13 21:51:05.737962',94,1,13),(640,'2024-04-16 14:51:06.642635',60000,'A-11','2024-08-13 21:51:05.737962',86,1,13),(641,'2024-04-16 14:51:06.643900',60000,'A-10','2024-08-20 21:51:05.737962',53,1,13),(642,'2024-04-16 14:51:06.644897',60000,'A-9','2024-08-13 21:51:05.737962',53,1,13),(643,'2024-04-16 14:51:06.645897',60000,'A-8','2024-07-30 21:51:05.737962',87,1,13),(644,'2024-04-16 14:51:06.647897',60000,'A-7','2024-07-30 21:51:05.737962',87,1,13),(645,'2024-04-16 14:51:06.648896',60000,'A-6','2024-08-13 21:51:05.737962',37,1,13),(646,'2024-04-16 14:51:06.649897',60000,'A-5','2024-08-13 21:51:05.737962',63,1,13),(647,'2024-04-16 14:51:06.650897',60000,'A-4','2024-08-13 21:51:05.737962',34,1,13),(648,'2024-04-16 14:51:06.653409',60000,'A-3','2024-08-06 21:51:05.737962',63,1,13),(649,'2024-04-16 14:51:06.654409',60000,'A-2','2024-08-13 21:51:05.737962',3,1,13),(650,'2024-04-16 14:51:06.655415',60000,'A-1','2024-08-06 21:51:05.737962',8,1,13),(651,'2024-04-16 14:51:06.657443',60000,'A-50','2024-12-24 21:51:05.738963',98,1,14),(652,'2024-04-16 14:51:06.659415',60000,'A-49','2025-01-14 21:51:05.738963',34,1,14),(653,'2024-04-16 14:51:06.660414',60000,'A-48','2025-01-07 21:51:05.738963',86,1,14),(654,'2024-04-16 14:51:06.662413',60000,'A-47','2024-12-24 21:51:05.738963',2,1,14),(655,'2024-04-16 14:51:06.662917',60000,'A-46','2024-12-31 21:51:05.738963',8,1,14),(656,'2024-04-16 14:51:06.664936',60000,'A-45','2025-01-07 21:51:05.738963',79,1,14),(657,'2024-04-16 14:51:06.666923',60000,'A-44','2025-01-14 21:51:05.738963',55,1,14),(658,'2024-04-16 14:51:06.668923',60000,'A-43','2024-12-31 21:51:05.738963',52,1,14),(659,'2024-04-16 14:51:06.669923',60000,'A-42','2024-12-24 21:51:05.738963',76,1,14),(660,'2024-04-16 14:51:06.671428',60000,'A-41','2025-01-07 21:51:05.738963',30,1,14),(661,'2024-04-16 14:51:06.672433',60000,'A-40','2024-12-24 21:51:05.738963',96,1,14),(662,'2024-04-16 14:51:06.673943',60000,'A-39','2025-01-07 21:51:05.738963',75,1,14),(663,'2024-04-16 14:51:06.674948',60000,'A-38','2024-12-24 21:51:05.738963',75,1,14),(664,'2024-04-16 14:51:06.675948',60000,'A-37','2024-12-31 21:51:05.738963',39,1,14),(665,'2024-04-16 14:51:06.676947',60000,'A-36','2024-12-24 21:51:05.738963',95,1,14),(666,'2024-04-16 14:51:06.677977',60000,'A-35','2024-12-31 21:51:05.738963',39,1,14),(667,'2024-04-16 14:51:06.679006',60000,'A-34','2024-12-31 21:51:05.738963',79,1,14),(668,'2024-04-16 14:51:06.679949',60000,'A-33','2024-12-24 21:51:05.738963',49,1,14),(669,'2024-04-16 14:51:06.680949',60000,'A-32','2025-01-14 21:51:05.738963',50,1,14),(670,'2024-04-16 14:51:06.682454',60000,'A-31','2025-01-14 21:51:05.738963',76,1,14),(671,'2024-04-16 14:51:06.683463',60000,'A-30','2025-01-14 21:51:05.738963',75,1,14),(672,'2024-04-16 14:51:06.685468',60000,'A-29','2024-12-24 21:51:05.738963',30,1,14),(673,'2024-04-16 14:51:06.687474',60000,'A-28','2025-01-07 21:51:05.738963',84,1,14),(674,'2024-04-16 14:51:06.688473',60000,'A-27','2025-01-14 21:51:05.738963',39,1,14),(675,'2024-04-16 14:51:06.689474',60000,'A-26','2024-12-31 21:51:05.738963',76,1,14),(676,'2024-04-16 14:51:06.690474',60000,'A-25','2025-01-14 21:51:05.738963',2,1,14),(677,'2024-04-16 14:51:06.692474',60000,'A-24','2024-12-24 21:51:05.738963',63,1,14),(678,'2024-04-16 14:51:06.693985',60000,'A-23','2025-01-14 21:51:05.738963',72,1,14),(679,'2024-04-16 14:51:06.694985',60000,'A-22','2024-12-24 21:51:05.738963',27,1,14),(680,'2024-04-16 14:51:06.697001',60000,'A-21','2024-12-31 21:51:05.738963',40,1,14),(681,'2024-04-16 14:51:06.698012',60000,'A-20','2024-12-31 21:51:05.738963',30,1,14),(682,'2024-04-16 14:51:06.698999',60000,'A-19','2024-12-31 21:51:05.738963',80,1,14),(683,'2024-04-16 14:51:06.700001',60000,'A-18','2025-01-07 21:51:05.738963',95,1,14),(684,'2024-04-16 14:51:06.701001',60000,'A-17','2024-12-24 21:51:05.738963',8,1,14),(685,'2024-04-16 14:51:06.702505',60000,'A-16','2024-12-31 21:51:05.738963',95,1,14),(686,'2024-04-16 14:51:06.703510',60000,'A-15','2024-12-31 21:51:05.738963',84,1,14),(687,'2024-04-16 14:51:06.704510',60000,'A-14','2025-01-14 21:51:05.738963',11,1,14),(688,'2024-04-16 14:51:06.705517',60000,'A-13','2025-01-14 21:51:05.738963',84,1,14),(689,'2024-04-16 14:51:06.706530',60000,'A-12','2024-12-31 21:51:05.738963',3,1,14),(690,'2024-04-16 14:51:06.707536',60000,'A-11','2025-01-07 21:51:05.738963',28,1,14),(691,'2024-04-16 14:51:06.708535',60000,'A-10','2025-01-14 21:51:05.738963',48,1,14),(692,'2024-04-16 14:51:06.709535',60000,'A-9','2024-12-31 21:51:05.738963',39,1,14),(693,'2024-04-16 14:51:06.710535',60000,'A-8','2025-01-07 21:51:05.738963',59,1,14),(694,'2024-04-16 14:51:06.712536',60000,'A-7','2025-01-14 21:51:05.738963',75,1,14),(695,'2024-04-16 14:51:06.712536',60000,'A-6','2024-12-24 21:51:05.738963',8,1,14),(696,'2024-04-16 14:51:06.714972',60000,'A-5','2025-01-14 21:51:05.738963',63,1,14),(697,'2024-04-16 14:51:06.715971',60000,'A-4','2024-12-24 21:51:05.738963',52,1,14),(698,'2024-04-16 14:51:06.716971',60000,'A-3','2024-12-24 21:51:05.738963',79,1,14),(699,'2024-04-16 14:51:06.717971',60000,'A-2','2024-12-31 21:51:05.738963',48,1,14),(700,'2024-04-16 14:51:06.718971',60000,'A-1','2024-12-24 21:51:05.738963',86,1,14),(701,'2024-04-16 14:51:06.720972',50000,'A-50','2024-08-27 21:51:05.740963',52,1,15),(702,'2024-04-16 14:51:06.722477',50000,'A-49','2024-08-20 21:51:05.740963',37,1,15),(703,'2024-04-16 14:51:06.723484',50000,'A-48','2024-08-20 21:51:05.740963',37,1,15),(704,'2024-04-16 14:51:06.724483',50000,'A-47','2024-08-06 21:51:05.740963',39,1,15),(705,'2024-04-16 14:51:06.725482',50000,'A-46','2024-08-06 21:51:05.740963',59,1,15),(706,'2024-04-16 14:51:06.727483',50000,'A-45','2024-08-13 21:51:05.740963',3,1,15),(707,'2024-04-16 14:51:06.728484',50000,'A-44','2024-08-06 21:51:05.740963',53,1,15),(708,'2024-04-16 14:51:06.730483',50000,'A-43','2024-08-27 21:51:05.740963',8,1,15),(709,'2024-04-16 14:51:06.731483',50000,'A-42','2024-08-20 21:51:05.740963',95,1,15),(710,'2024-04-16 14:51:06.732990',50000,'A-41','2024-08-20 21:51:05.740963',27,1,15),(711,'2024-04-16 14:51:06.734000',50000,'A-40','2024-08-06 21:51:05.740963',55,1,15),(712,'2024-04-16 14:51:06.734995',50000,'A-39','2024-08-20 21:51:05.740963',11,1,15),(713,'2024-04-16 14:51:06.735996',50000,'A-38','2024-08-20 21:51:05.740963',37,1,15),(714,'2024-04-16 14:51:06.736995',50000,'A-37','2024-08-27 21:51:05.740963',8,1,15),(715,'2024-04-16 14:51:06.737995',50000,'A-36','2024-08-06 21:51:05.740963',52,1,15),(716,'2024-04-16 14:51:06.739995',50000,'A-35','2024-08-20 21:51:05.740963',95,1,15),(717,'2024-04-16 14:51:06.740995',50000,'A-34','2024-08-20 21:51:05.740963',96,1,15),(718,'2024-04-16 14:51:06.740995',50000,'A-33','2024-08-27 21:51:05.740963',63,1,15),(719,'2024-04-16 14:51:06.743506',50000,'A-32','2024-08-20 21:51:05.740963',98,1,15),(720,'2024-04-16 14:51:06.744505',50000,'A-31','2024-08-13 21:51:05.740963',55,1,15),(721,'2024-04-16 14:51:06.745506',50000,'A-30','2024-08-13 21:51:05.740963',79,1,15),(722,'2024-04-16 14:51:06.746515',50000,'A-29','2024-08-06 21:51:05.740963',30,1,15),(723,'2024-04-16 14:51:06.748524',50000,'A-28','2024-08-20 21:51:05.740963',3,1,15),(724,'2024-04-16 14:51:06.749524',50000,'A-27','2024-08-27 21:51:05.740963',27,1,15),(725,'2024-04-16 14:51:06.750567',50000,'A-26','2024-08-20 21:51:05.740963',94,1,15),(726,'2024-04-16 14:51:06.751582',50000,'A-25','2024-08-06 21:51:05.740963',79,1,15),(727,'2024-04-16 14:51:06.753746',50000,'A-24','2024-08-20 21:51:05.740963',53,1,15),(728,'2024-04-16 14:51:06.754757',50000,'A-23','2024-08-20 21:51:05.740963',96,1,15),(729,'2024-04-16 14:51:06.755747',50000,'A-22','2024-08-27 21:51:05.740963',52,1,15),(730,'2024-04-16 14:51:06.756746',50000,'A-21','2024-08-13 21:51:05.740963',75,1,15),(731,'2024-04-16 14:51:06.757746',50000,'A-20','2024-08-13 21:51:05.740963',84,1,15),(732,'2024-04-16 14:51:06.758751',50000,'A-19','2024-08-20 21:51:05.740963',27,1,15),(733,'2024-04-16 14:51:06.759750',50000,'A-18','2024-08-27 21:51:05.740963',50,1,15),(734,'2024-04-16 14:51:06.760750',50000,'A-17','2024-08-13 21:51:05.740963',2,1,15),(735,'2024-04-16 14:51:06.762746',50000,'A-16','2024-08-27 21:51:05.740963',59,1,15),(736,'2024-04-16 14:51:06.762746',50000,'A-15','2024-08-27 21:51:05.740963',72,1,15),(737,'2024-04-16 14:51:06.764088',50000,'A-14','2024-08-20 21:51:05.740963',30,1,15),(738,'2024-04-16 14:51:06.766094',50000,'A-13','2024-08-27 21:51:05.740963',42,1,15),(739,'2024-04-16 14:51:06.767109',50000,'A-12','2024-08-20 21:51:05.740963',98,1,15),(740,'2024-04-16 14:51:06.768094',50000,'A-11','2024-08-06 21:51:05.740963',42,1,15),(741,'2024-04-16 14:51:06.769099',50000,'A-10','2024-08-06 21:51:05.740963',49,1,15),(742,'2024-04-16 14:51:06.770105',50000,'A-9','2024-08-13 21:51:05.740963',49,1,15),(743,'2024-04-16 14:51:06.770105',50000,'A-8','2024-08-27 21:51:05.740963',86,1,15),(744,'2024-04-16 14:51:06.772613',50000,'A-7','2024-08-06 21:51:05.740963',49,1,15),(745,'2024-04-16 14:51:06.772613',50000,'A-6','2024-08-13 21:51:05.740963',49,1,15),(746,'2024-04-16 14:51:06.774076',50000,'A-5','2024-08-27 21:51:05.740963',98,1,15),(747,'2024-04-16 14:51:06.776075',50000,'A-4','2024-08-06 21:51:05.740963',27,1,15),(748,'2024-04-16 14:51:06.777088',50000,'A-3','2024-08-06 21:51:05.740963',94,1,15),(749,'2024-04-16 14:51:06.778075',50000,'A-2','2024-08-27 21:51:05.740963',96,1,15),(750,'2024-04-16 14:51:06.779075',50000,'A-1','2024-08-06 21:51:05.740963',42,1,15),(751,'2024-04-16 14:51:06.781074',70000,'A-50','2025-02-18 21:51:05.742469',59,1,16),(752,'2024-04-16 14:51:06.782579',70000,'A-49','2025-02-04 21:51:05.742469',84,1,16),(753,'2024-04-16 14:51:06.783586',70000,'A-48','2025-02-04 21:51:05.742469',52,1,16),(754,'2024-04-16 14:51:06.784585',70000,'A-47','2025-01-28 21:51:05.742469',59,1,16),(755,'2024-04-16 14:51:06.786585',70000,'A-46','2025-02-18 21:51:05.742469',48,1,16),(756,'2024-04-16 14:51:06.787584',70000,'A-45','2025-02-18 21:51:05.742469',94,1,16),(757,'2024-04-16 14:51:06.793825',70000,'A-44','2025-02-04 21:51:05.742469',42,1,16),(758,'2024-04-16 14:51:06.794824',70000,'A-43','2025-02-04 21:51:05.742469',49,1,16),(759,'2024-04-16 14:51:06.795848',70000,'A-42','2025-01-28 21:51:05.742469',48,1,16),(760,'2024-04-16 14:51:06.796824',70000,'A-41','2025-01-28 21:51:05.742469',96,1,16),(761,'2024-04-16 14:51:06.797854',70000,'A-40','2025-02-18 21:51:05.742469',28,1,16),(762,'2024-04-16 14:51:06.798825',70000,'A-39','2025-02-18 21:51:05.742469',72,1,16),(763,'2024-04-16 14:51:06.800824',70000,'A-38','2025-02-11 21:51:05.742469',55,1,16),(764,'2024-04-16 14:51:06.800824',70000,'A-37','2025-02-04 21:51:05.742469',84,1,16),(765,'2024-04-16 14:51:06.803349',70000,'A-36','2025-01-28 21:51:05.742469',11,1,16),(766,'2024-04-16 14:51:06.804335',70000,'A-35','2025-02-04 21:51:05.742469',84,1,16),(767,'2024-04-16 14:51:06.806351',70000,'A-34','2025-02-04 21:51:05.742469',96,1,16),(768,'2024-04-16 14:51:06.807352',70000,'A-33','2025-02-04 21:51:05.742469',94,1,16),(769,'2024-04-16 14:51:06.808349',70000,'A-32','2025-02-04 21:51:05.742469',63,1,16),(770,'2024-04-16 14:51:06.810352',70000,'A-31','2025-02-18 21:51:05.742469',27,1,16),(771,'2024-04-16 14:51:06.811350',70000,'A-30','2025-02-18 21:51:05.742469',76,1,16),(772,'2024-04-16 14:51:06.812351',70000,'A-29','2025-02-04 21:51:05.742469',48,1,16),(773,'2024-04-16 14:51:06.813423',70000,'A-28','2025-02-04 21:51:05.742469',80,1,16),(774,'2024-04-16 14:51:06.815424',70000,'A-27','2025-02-11 21:51:05.742469',40,1,16),(775,'2024-04-16 14:51:06.816425',70000,'A-26','2025-01-28 21:51:05.742469',72,1,16),(776,'2024-04-16 14:51:06.817435',70000,'A-25','2025-02-18 21:51:05.742469',8,1,16),(777,'2024-04-16 14:51:06.818435',70000,'A-24','2025-02-04 21:51:05.742469',39,1,16),(778,'2024-04-16 14:51:06.819424',70000,'A-23','2025-01-28 21:51:05.742469',72,1,16),(779,'2024-04-16 14:51:06.820429',70000,'A-22','2025-02-18 21:51:05.742469',72,1,16),(780,'2024-04-16 14:51:06.821436',70000,'A-21','2025-02-18 21:51:05.742469',8,1,16),(781,'2024-04-16 14:51:06.822435',70000,'A-20','2025-02-18 21:51:05.742469',63,1,16),(782,'2024-04-16 14:51:06.824453',70000,'A-19','2025-02-04 21:51:05.742469',59,1,16),(783,'2024-04-16 14:51:06.825454',70000,'A-18','2025-02-18 21:51:05.742469',37,1,16),(784,'2024-04-16 14:51:06.826454',70000,'A-17','2025-02-18 21:51:05.742469',98,1,16),(785,'2024-04-16 14:51:06.827454',70000,'A-16','2025-02-04 21:51:05.742469',76,1,16),(786,'2024-04-16 14:51:06.828454',70000,'A-15','2025-02-11 21:51:05.742469',37,1,16),(787,'2024-04-16 14:51:06.829462',70000,'A-14','2025-02-11 21:51:05.742469',52,1,16),(788,'2024-04-16 14:51:06.830468',70000,'A-13','2025-01-28 21:51:05.742469',42,1,16),(789,'2024-04-16 14:51:06.831468',70000,'A-12','2025-02-04 21:51:05.742469',39,1,16),(790,'2024-04-16 14:51:06.832468',70000,'A-11','2025-02-04 21:51:05.742469',40,1,16),(791,'2024-04-16 14:51:06.833644',70000,'A-10','2025-01-28 21:51:05.742469',94,1,16),(792,'2024-04-16 14:51:06.835644',70000,'A-9','2025-02-04 21:51:05.742469',94,1,16),(793,'2024-04-16 14:51:06.836668',70000,'A-8','2025-02-18 21:51:05.742469',3,1,16),(794,'2024-04-16 14:51:06.837645',70000,'A-7','2025-02-18 21:51:05.742469',55,1,16),(795,'2024-04-16 14:51:06.838642',70000,'A-6','2025-02-11 21:51:05.742469',11,1,16),(796,'2024-04-16 14:51:06.840642',70000,'A-5','2025-02-18 21:51:05.742469',42,1,16),(797,'2024-04-16 14:51:06.841643',70000,'A-4','2025-01-28 21:51:05.742469',48,1,16),(798,'2024-04-16 14:51:06.842642',70000,'A-3','2025-02-11 21:51:05.742469',52,1,16),(799,'2024-04-16 14:51:06.843661',70000,'A-2','2025-02-18 21:51:05.742469',34,1,16),(800,'2024-04-16 14:51:06.844661',70000,'A-1','2025-01-28 21:51:05.742469',80,1,16),(801,'2024-04-16 14:51:06.846661',80000,'A-50','2024-10-22 21:51:05.743474',86,1,17),(802,'2024-04-16 14:51:06.847663',80000,'A-49','2024-10-29 21:51:05.743474',98,1,17),(803,'2024-04-16 14:51:06.849661',80000,'A-48','2024-11-12 21:51:05.743474',76,1,17),(804,'2024-04-16 14:51:06.851176',80000,'A-47','2024-11-05 21:51:05.743474',27,1,17),(805,'2024-04-16 14:51:06.852681',80000,'A-46','2024-10-22 21:51:05.743474',11,1,17),(806,'2024-04-16 14:51:06.853690',80000,'A-45','2024-11-12 21:51:05.743474',86,1,17),(807,'2024-04-16 14:51:06.854687',80000,'A-44','2024-10-22 21:51:05.743474',95,1,17),(808,'2024-04-16 14:51:06.856686',80000,'A-43','2024-10-29 21:51:05.743474',94,1,17),(809,'2024-04-16 14:51:06.857746',80000,'A-42','2024-10-29 21:51:05.743474',52,1,17),(810,'2024-04-16 14:51:06.859752',80000,'A-41','2024-11-05 21:51:05.743474',52,1,17),(811,'2024-04-16 14:51:06.860812',80000,'A-40','2024-11-05 21:51:05.743474',76,1,17),(812,'2024-04-16 14:51:06.861818',80000,'A-39','2024-11-12 21:51:05.743474',72,1,17),(813,'2024-04-16 14:51:06.863328',80000,'A-38','2024-10-29 21:51:05.743474',34,1,17),(814,'2024-04-16 14:51:06.864328',80000,'A-37','2024-10-29 21:51:05.743474',53,1,17),(815,'2024-04-16 14:51:06.865329',80000,'A-36','2024-10-22 21:51:05.743474',34,1,17),(816,'2024-04-16 14:51:06.867333',80000,'A-35','2024-10-29 21:51:05.743474',49,1,17),(817,'2024-04-16 14:51:06.870333',80000,'A-34','2024-11-05 21:51:05.743474',86,1,17),(818,'2024-04-16 14:51:06.874413',80000,'A-33','2024-10-22 21:51:05.743474',48,1,17),(819,'2024-04-16 14:51:06.876488',80000,'A-32','2024-10-29 21:51:05.743474',52,1,17),(820,'2024-04-16 14:51:06.878424',80000,'A-31','2024-10-22 21:51:05.743474',39,1,17),(821,'2024-04-16 14:51:06.879411',80000,'A-30','2024-11-05 21:51:05.743474',49,1,17),(822,'2024-04-16 14:51:06.881422',80000,'A-29','2024-10-29 21:51:05.743474',55,1,17),(823,'2024-04-16 14:51:06.882413',80000,'A-28','2024-11-05 21:51:05.743474',2,1,17),(824,'2024-04-16 14:51:06.884575',80000,'A-27','2024-10-22 21:51:05.743474',28,1,17),(825,'2024-04-16 14:51:06.885578',80000,'A-26','2024-11-05 21:51:05.743474',8,1,17),(826,'2024-04-16 14:51:06.887584',80000,'A-25','2024-10-22 21:51:05.743474',94,1,17),(827,'2024-04-16 14:51:06.888574',80000,'A-24','2024-11-12 21:51:05.743474',72,1,17),(828,'2024-04-16 14:51:06.889581',80000,'A-23','2024-11-05 21:51:05.743474',28,1,17),(829,'2024-04-16 14:51:06.890595',80000,'A-22','2024-11-05 21:51:05.743474',3,1,17),(830,'2024-04-16 14:51:06.891618',80000,'A-21','2024-10-22 21:51:05.743474',84,1,17),(831,'2024-04-16 14:51:06.892601',80000,'A-20','2024-10-22 21:51:05.743474',52,1,17),(832,'2024-04-16 14:51:06.893621',80000,'A-19','2024-11-12 21:51:05.743474',42,1,17),(833,'2024-04-16 14:51:06.894621',80000,'A-18','2024-11-05 21:51:05.743474',59,1,17),(834,'2024-04-16 14:51:06.895627',80000,'A-17','2024-10-22 21:51:05.743474',63,1,17),(835,'2024-04-16 14:51:06.896639',80000,'A-16','2024-11-12 21:51:05.743474',84,1,17),(836,'2024-04-16 14:51:06.897645',80000,'A-15','2024-10-22 21:51:05.743474',84,1,17),(837,'2024-04-16 14:51:06.898645',80000,'A-14','2024-10-29 21:51:05.743474',28,1,17),(838,'2024-04-16 14:51:06.900645',80000,'A-13','2024-10-29 21:51:05.743474',30,1,17),(839,'2024-04-16 14:51:06.901645',80000,'A-12','2024-11-12 21:51:05.743474',72,1,17),(840,'2024-04-16 14:51:06.902645',80000,'A-11','2024-10-29 21:51:05.743474',49,1,17),(841,'2024-04-16 14:51:06.903663',80000,'A-10','2024-10-22 21:51:05.743474',52,1,17),(842,'2024-04-16 14:51:06.904662',80000,'A-9','2024-11-12 21:51:05.743474',53,1,17),(843,'2024-04-16 14:51:06.905663',80000,'A-8','2024-11-05 21:51:05.743474',98,1,17),(844,'2024-04-16 14:51:06.906664',80000,'A-7','2024-11-05 21:51:05.743474',34,1,17),(845,'2024-04-16 14:51:06.907663',80000,'A-6','2024-11-05 21:51:05.743474',34,1,17),(846,'2024-04-16 14:51:06.909662',80000,'A-5','2024-10-29 21:51:05.743474',49,1,17),(847,'2024-04-16 14:51:06.910675',80000,'A-4','2024-10-29 21:51:05.743474',86,1,17),(848,'2024-04-16 14:51:06.911688',80000,'A-3','2024-10-22 21:51:05.743474',84,1,17),(849,'2024-04-16 14:51:06.912663',80000,'A-2','2024-11-12 21:51:05.743474',30,1,17),(850,'2024-04-16 14:51:06.913683',80000,'A-1','2024-11-05 21:51:05.743474',3,1,17),(851,'2024-04-16 14:51:06.915697',50000,'A-50','2024-10-29 21:51:05.744476',72,1,18),(852,'2024-04-16 14:51:06.917697',50000,'A-49','2024-11-19 21:51:05.744476',79,1,18),(853,'2024-04-16 14:51:06.918697',50000,'A-48','2024-10-29 21:51:05.744476',95,1,18),(854,'2024-04-16 14:51:06.919704',50000,'A-47','2024-10-29 21:51:05.744476',55,1,18),(855,'2024-04-16 14:51:06.920710',50000,'A-46','2024-10-29 21:51:05.744476',30,1,18),(856,'2024-04-16 14:51:06.922722',50000,'A-45','2024-11-12 21:51:05.744476',63,1,18),(857,'2024-04-16 14:51:06.924099',50000,'A-44','2024-11-19 21:51:05.744476',50,1,18),(858,'2024-04-16 14:51:06.925099',50000,'A-43','2024-11-12 21:51:05.744476',63,1,18),(859,'2024-04-16 14:51:06.927111',50000,'A-42','2024-11-12 21:51:05.744476',2,1,18),(860,'2024-04-16 14:51:06.928152',50000,'A-41','2024-10-29 21:51:05.744476',37,1,18),(861,'2024-04-16 14:51:06.929158',50000,'A-40','2024-11-12 21:51:05.744476',42,1,18),(862,'2024-04-16 14:51:06.930158',50000,'A-39','2024-10-29 21:51:05.744476',50,1,18),(863,'2024-04-16 14:51:06.931159',50000,'A-38','2024-11-05 21:51:05.744476',84,1,18),(864,'2024-04-16 14:51:06.933702',50000,'A-37','2024-11-19 21:51:05.744476',34,1,18),(865,'2024-04-16 14:51:06.934755',50000,'A-36','2024-11-12 21:51:05.744476',98,1,18),(866,'2024-04-16 14:51:06.935761',50000,'A-35','2024-11-05 21:51:05.744476',49,1,18),(867,'2024-04-16 14:51:06.936760',50000,'A-34','2024-11-05 21:51:05.744476',75,1,18),(868,'2024-04-16 14:51:06.937762',50000,'A-33','2024-10-29 21:51:05.744476',42,1,18),(869,'2024-04-16 14:51:06.938760',50000,'A-32','2024-11-05 21:51:05.744476',94,1,18),(870,'2024-04-16 14:51:06.940760',50000,'A-31','2024-11-05 21:51:05.744476',8,1,18),(871,'2024-04-16 14:51:06.941761',50000,'A-30','2024-11-19 21:51:05.744476',94,1,18),(872,'2024-04-16 14:51:06.942761',50000,'A-29','2024-11-19 21:51:05.744476',94,1,18),(873,'2024-04-16 14:51:06.943994',50000,'A-28','2024-11-19 21:51:05.744476',50,1,18),(874,'2024-04-16 14:51:06.944995',50000,'A-27','2024-11-12 21:51:05.744476',37,1,18),(875,'2024-04-16 14:51:06.946995',50000,'A-26','2024-11-12 21:51:05.744476',72,1,18),(876,'2024-04-16 14:51:06.947995',50000,'A-25','2024-11-19 21:51:05.744476',55,1,18),(877,'2024-04-16 14:51:06.948994',50000,'A-24','2024-10-29 21:51:05.744476',55,1,18),(878,'2024-04-16 14:51:06.949994',50000,'A-23','2024-11-19 21:51:05.744476',49,1,18),(879,'2024-04-16 14:51:06.950993',50000,'A-22','2024-11-12 21:51:05.744476',48,1,18),(880,'2024-04-16 14:51:06.952497',50000,'A-21','2024-10-29 21:51:05.744476',39,1,18),(881,'2024-04-16 14:51:06.953502',50000,'A-20','2024-11-19 21:51:05.744476',95,1,18),(882,'2024-04-16 14:51:06.954503',50000,'A-19','2024-11-12 21:51:05.744476',27,1,18),(883,'2024-04-16 14:51:06.955537',50000,'A-18','2024-11-05 21:51:05.744476',37,1,18),(884,'2024-04-16 14:51:06.957502',50000,'A-17','2024-11-12 21:51:05.744476',28,1,18),(885,'2024-04-16 14:51:06.958502',50000,'A-16','2024-10-29 21:51:05.744476',95,1,18),(886,'2024-04-16 14:51:06.959502',50000,'A-15','2024-11-05 21:51:05.744476',95,1,18),(887,'2024-04-16 14:51:06.960502',50000,'A-14','2024-11-12 21:51:05.744476',84,1,18),(888,'2024-04-16 14:51:06.961502',50000,'A-13','2024-11-05 21:51:05.744476',76,1,18),(889,'2024-04-16 14:51:06.962502',50000,'A-12','2024-11-05 21:51:05.744476',8,1,18),(890,'2024-04-16 14:51:06.963532',50000,'A-11','2024-11-19 21:51:05.744476',27,1,18),(891,'2024-04-16 14:51:06.964531',50000,'A-10','2024-11-19 21:51:05.744476',28,1,18),(892,'2024-04-16 14:51:06.965532',50000,'A-9','2024-11-05 21:51:05.744476',11,1,18),(893,'2024-04-16 14:51:06.966531',50000,'A-8','2024-11-05 21:51:05.744476',2,1,18),(894,'2024-04-16 14:51:06.967531',50000,'A-7','2024-11-05 21:51:05.744476',34,1,18),(895,'2024-04-16 14:51:06.969545',50000,'A-6','2024-11-05 21:51:05.744476',79,1,18),(896,'2024-04-16 14:51:06.970531',50000,'A-5','2024-11-05 21:51:05.744476',80,1,18),(897,'2024-04-16 14:51:06.972036',50000,'A-4','2024-10-29 21:51:05.744476',39,1,18),(898,'2024-04-16 14:51:06.972577',50000,'A-3','2024-11-12 21:51:05.744476',94,1,18),(899,'2024-04-16 14:51:06.974584',50000,'A-2','2024-11-12 21:51:05.744476',11,1,18),(900,'2024-04-16 14:51:06.976582',50000,'A-1','2024-11-05 21:51:05.744476',55,1,18),(901,'2024-04-16 14:51:06.979595',60000,'A-50','2024-10-01 21:51:05.745474',11,1,19),(902,'2024-04-16 14:51:06.980596',60000,'A-49','2024-09-10 21:51:05.745474',42,1,19),(903,'2024-04-16 14:51:06.981596',60000,'A-48','2024-09-24 21:51:05.745474',30,1,19),(904,'2024-04-16 14:51:06.982595',60000,'A-47','2024-09-24 21:51:05.745474',50,1,19),(905,'2024-04-16 14:51:06.983835',60000,'A-46','2024-10-01 21:51:05.745474',63,1,19),(906,'2024-04-16 14:51:06.984834',60000,'A-45','2024-09-17 21:51:05.745474',53,1,19),(907,'2024-04-16 14:51:06.986834',60000,'A-44','2024-09-10 21:51:05.745474',72,1,19),(908,'2024-04-16 14:51:06.987847',60000,'A-43','2024-09-24 21:51:05.745474',80,1,19),(909,'2024-04-16 14:51:06.988834',60000,'A-42','2024-09-17 21:51:05.745474',84,1,19),(910,'2024-04-16 14:51:06.989849',60000,'A-41','2024-09-24 21:51:05.745474',53,1,19),(911,'2024-04-16 14:51:06.990834',60000,'A-40','2024-09-17 21:51:05.745474',94,1,19),(912,'2024-04-16 14:51:06.992406',60000,'A-39','2024-10-01 21:51:05.745474',50,1,19),(913,'2024-04-16 14:51:06.993362',60000,'A-38','2024-10-01 21:51:05.745474',80,1,19),(914,'2024-04-16 14:51:06.994363',60000,'A-37','2024-09-17 21:51:05.745474',75,1,19),(915,'2024-04-16 14:51:06.995362',60000,'A-36','2024-09-10 21:51:05.745474',39,1,19),(916,'2024-04-16 14:51:06.996360',60000,'A-35','2024-10-01 21:51:05.745474',11,1,19),(917,'2024-04-16 14:51:06.998362',60000,'A-34','2024-09-24 21:51:05.745474',37,1,19),(918,'2024-04-16 14:51:06.999363',60000,'A-33','2024-09-10 21:51:05.745474',86,1,19),(919,'2024-04-16 14:51:07.000362',60000,'A-32','2024-09-10 21:51:05.745474',40,1,19),(920,'2024-04-16 14:51:07.001362',60000,'A-31','2024-09-24 21:51:05.745474',28,1,19),(921,'2024-04-16 14:51:07.002872',60000,'A-30','2024-09-10 21:51:05.745474',63,1,19),(922,'2024-04-16 14:51:07.004884',60000,'A-29','2024-09-24 21:51:05.745474',8,1,19),(923,'2024-04-16 14:51:07.005883',60000,'A-28','2024-09-17 21:51:05.745474',55,1,19),(924,'2024-04-16 14:51:07.006878',60000,'A-27','2024-09-24 21:51:05.745474',11,1,19),(925,'2024-04-16 14:51:07.008878',60000,'A-26','2024-09-10 21:51:05.745474',2,1,19),(926,'2024-04-16 14:51:07.009877',60000,'A-25','2024-09-10 21:51:05.745474',39,1,19),(927,'2024-04-16 14:51:07.010877',60000,'A-24','2024-09-24 21:51:05.745474',87,1,19),(928,'2024-04-16 14:51:07.010877',60000,'A-23','2024-09-17 21:51:05.745474',42,1,19),(929,'2024-04-16 14:51:07.013389',60000,'A-22','2024-09-17 21:51:05.745474',28,1,19),(930,'2024-04-16 14:51:07.014391',60000,'A-21','2024-10-01 21:51:05.745474',79,1,19),(931,'2024-04-16 14:51:07.015389',60000,'A-20','2024-10-01 21:51:05.745474',50,1,19),(932,'2024-04-16 14:51:07.016389',60000,'A-19','2024-09-24 21:51:05.745474',53,1,19),(933,'2024-04-16 14:51:07.017390',60000,'A-18','2024-09-24 21:51:05.745474',87,1,19),(934,'2024-04-16 14:51:07.019391',60000,'A-17','2024-09-24 21:51:05.745474',80,1,19),(935,'2024-04-16 14:51:07.020391',60000,'A-16','2024-10-01 21:51:05.745474',27,1,19),(936,'2024-04-16 14:51:07.021390',60000,'A-15','2024-10-01 21:51:05.745474',98,1,19),(937,'2024-04-16 14:51:07.022390',60000,'A-14','2024-09-24 21:51:05.745474',40,1,19),(938,'2024-04-16 14:51:07.024562',60000,'A-13','2024-09-17 21:51:05.745474',98,1,19),(939,'2024-04-16 14:51:07.025570',60000,'A-12','2024-10-01 21:51:05.745474',84,1,19),(940,'2024-04-16 14:51:07.026576',60000,'A-11','2024-10-01 21:51:05.745474',37,1,19),(941,'2024-04-16 14:51:07.027576',60000,'A-10','2024-09-10 21:51:05.745474',76,1,19),(942,'2024-04-16 14:51:07.028576',60000,'A-9','2024-09-17 21:51:05.745474',96,1,19),(943,'2024-04-16 14:51:07.029575',60000,'A-8','2024-09-17 21:51:05.745474',2,1,19),(944,'2024-04-16 14:51:07.031595',60000,'A-7','2024-09-10 21:51:05.745474',28,1,19),(945,'2024-04-16 14:51:07.032576',60000,'A-6','2024-09-10 21:51:05.745474',42,1,19),(946,'2024-04-16 14:51:07.034597',60000,'A-5','2024-09-24 21:51:05.745474',34,1,19),(947,'2024-04-16 14:51:07.035643',60000,'A-4','2024-09-17 21:51:05.745474',49,1,19),(948,'2024-04-16 14:51:07.036665',60000,'A-3','2024-10-01 21:51:05.745474',96,1,19),(949,'2024-04-16 14:51:07.037678',60000,'A-2','2024-09-10 21:51:05.745474',94,1,19),(950,'2024-04-16 14:51:07.038684',60000,'A-1','2024-10-01 21:51:05.745474',37,1,19),(951,'2024-04-16 14:51:07.040683',50000,'A-50','2024-08-20 21:51:05.747487',55,1,20),(952,'2024-04-16 14:51:07.041683',50000,'A-49','2024-08-06 21:51:05.747487',96,1,20),(953,'2024-04-16 14:51:07.043785',50000,'A-48','2024-08-06 21:51:05.747487',76,1,20),(954,'2024-04-16 14:51:07.044783',50000,'A-47','2024-08-06 21:51:05.747487',49,1,20),(955,'2024-04-16 14:51:07.045783',50000,'A-46','2024-08-06 21:51:05.747487',84,1,20),(956,'2024-04-16 14:51:07.046783',50000,'A-45','2024-08-27 21:51:05.747487',98,1,20),(957,'2024-04-16 14:51:07.047787',50000,'A-44','2024-08-06 21:51:05.747487',2,1,20),(958,'2024-04-16 14:51:07.048783',50000,'A-43','2024-08-20 21:51:05.747487',2,1,20),(959,'2024-04-16 14:51:07.049783',50000,'A-42','2024-08-20 21:51:05.747487',95,1,20),(960,'2024-04-16 14:51:07.050783',50000,'A-41','2024-08-13 21:51:05.747487',59,1,20),(961,'2024-04-16 14:51:07.052783',50000,'A-40','2024-08-06 21:51:05.747487',59,1,20),(962,'2024-04-16 14:51:07.054296',50000,'A-39','2024-08-27 21:51:05.747487',53,1,20),(963,'2024-04-16 14:51:07.055296',50000,'A-38','2024-08-06 21:51:05.747487',37,1,20),(964,'2024-04-16 14:51:07.056293',50000,'A-37','2024-08-06 21:51:05.747487',50,1,20),(965,'2024-04-16 14:51:07.057292',50000,'A-36','2024-08-06 21:51:05.747487',2,1,20),(966,'2024-04-16 14:51:07.059297',50000,'A-35','2024-08-20 21:51:05.747487',2,1,20),(967,'2024-04-16 14:51:07.060310',50000,'A-34','2024-08-27 21:51:05.747487',34,1,20),(968,'2024-04-16 14:51:07.061292',50000,'A-33','2024-08-27 21:51:05.747487',8,1,20),(969,'2024-04-16 14:51:07.062797',50000,'A-32','2024-08-13 21:51:05.747487',72,1,20),(970,'2024-04-16 14:51:07.063803',50000,'A-31','2024-08-27 21:51:05.747487',87,1,20),(971,'2024-04-16 14:51:07.064814',50000,'A-30','2024-08-27 21:51:05.747487',76,1,20),(972,'2024-04-16 14:51:07.065802',50000,'A-29','2024-08-27 21:51:05.747487',48,1,20),(973,'2024-04-16 14:51:07.066808',50000,'A-28','2024-08-20 21:51:05.747487',3,1,20),(974,'2024-04-16 14:51:07.067828',50000,'A-27','2024-08-06 21:51:05.747487',75,1,20),(975,'2024-04-16 14:51:07.068814',50000,'A-26','2024-08-27 21:51:05.747487',96,1,20),(976,'2024-04-16 14:51:07.069820',50000,'A-25','2024-08-20 21:51:05.747487',34,1,20),(977,'2024-04-16 14:51:07.070825',50000,'A-24','2024-08-13 21:51:05.747487',98,1,20),(978,'2024-04-16 14:51:07.072330',50000,'A-23','2024-08-27 21:51:05.747487',86,1,20),(979,'2024-04-16 14:51:07.073335',50000,'A-22','2024-08-06 21:51:05.747487',53,1,20),(980,'2024-04-16 14:51:07.074342',50000,'A-21','2024-08-20 21:51:05.747487',3,1,20),(981,'2024-04-16 14:51:07.075355',50000,'A-20','2024-08-20 21:51:05.747487',63,1,20),(982,'2024-04-16 14:51:07.077362',50000,'A-19','2024-08-20 21:51:05.747487',3,1,20),(983,'2024-04-16 14:51:07.078362',50000,'A-18','2024-08-13 21:51:05.747487',50,1,20),(984,'2024-04-16 14:51:07.079361',50000,'A-17','2024-08-06 21:51:05.747487',75,1,20),(985,'2024-04-16 14:51:07.080363',50000,'A-16','2024-08-13 21:51:05.747487',28,1,20),(986,'2024-04-16 14:51:07.082362',50000,'A-15','2024-08-13 21:51:05.747487',75,1,20),(987,'2024-04-16 14:51:07.082867',50000,'A-14','2024-08-20 21:51:05.747487',75,1,20),(988,'2024-04-16 14:51:07.084874',50000,'A-13','2024-08-20 21:51:05.747487',52,1,20),(989,'2024-04-16 14:51:07.085874',50000,'A-12','2024-08-13 21:51:05.747487',72,1,20),(990,'2024-04-16 14:51:07.086878',50000,'A-11','2024-08-13 21:51:05.747487',11,1,20),(991,'2024-04-16 14:51:07.087873',50000,'A-10','2024-08-06 21:51:05.747487',52,1,20),(992,'2024-04-16 14:51:07.088874',50000,'A-9','2024-08-06 21:51:05.747487',84,1,20),(993,'2024-04-16 14:51:07.090884',50000,'A-8','2024-08-27 21:51:05.747487',94,1,20),(994,'2024-04-16 14:51:07.092493',50000,'A-7','2024-08-20 21:51:05.747487',28,1,20),(995,'2024-04-16 14:51:07.093420',50000,'A-6','2024-08-20 21:51:05.747487',39,1,20),(996,'2024-04-16 14:51:07.095421',50000,'A-5','2024-08-27 21:51:05.747487',52,1,20),(997,'2024-04-16 14:51:07.096421',50000,'A-4','2024-08-27 21:51:05.747487',39,1,20),(998,'2024-04-16 14:51:07.097421',50000,'A-3','2024-08-20 21:51:05.747487',34,1,20),(999,'2024-04-16 14:51:07.098421',50000,'A-2','2024-08-20 21:51:05.747487',34,1,20),(1000,'2024-04-16 14:51:07.099421',50000,'A-1','2024-08-06 21:51:05.747487',79,1,20),(1001,'2024-04-16 14:51:07.101422',90000,'A-50','2025-01-28 21:51:05.748475',8,1,21),(1002,'2024-04-16 14:51:07.102421',90000,'A-49','2025-02-04 21:51:05.748475',40,1,21),(1003,'2024-04-16 14:51:07.104870',90000,'A-48','2025-02-11 21:51:05.748475',96,1,21),(1004,'2024-04-16 14:51:07.105880',90000,'A-47','2025-02-04 21:51:05.748475',50,1,21),(1005,'2024-04-16 14:51:07.107869',90000,'A-46','2025-01-21 21:51:05.748475',80,1,21),(1006,'2024-04-16 14:51:07.108869',90000,'A-45','2025-01-28 21:51:05.748475',98,1,21),(1007,'2024-04-16 14:51:07.109870',90000,'A-44','2025-01-21 21:51:05.748475',75,1,21),(1008,'2024-04-16 14:51:07.110871',90000,'A-43','2025-01-21 21:51:05.748475',39,1,21),(1009,'2024-04-16 14:51:07.112378',90000,'A-42','2025-02-04 21:51:05.748475',50,1,21),(1010,'2024-04-16 14:51:07.113387',90000,'A-41','2025-02-11 21:51:05.748475',42,1,21),(1011,'2024-04-16 14:51:07.115387',90000,'A-40','2025-02-11 21:51:05.748475',8,1,21),(1012,'2024-04-16 14:51:07.116384',90000,'A-39','2025-02-11 21:51:05.748475',98,1,21),(1013,'2024-04-16 14:51:07.118387',90000,'A-38','2025-01-21 21:51:05.748475',53,1,21),(1014,'2024-04-16 14:51:07.121389',90000,'A-37','2025-02-04 21:51:05.748475',72,1,21),(1015,'2024-04-16 14:51:07.124931',90000,'A-36','2025-02-11 21:51:05.748475',84,1,21),(1016,'2024-04-16 14:51:07.127930',90000,'A-35','2025-01-21 21:51:05.748475',48,1,21),(1017,'2024-04-16 14:51:07.129931',90000,'A-34','2025-02-04 21:51:05.748475',3,1,21),(1018,'2024-04-16 14:51:07.132515',90000,'A-33','2025-02-11 21:51:05.748475',39,1,21),(1019,'2024-04-16 14:51:07.134469',90000,'A-32','2025-01-21 21:51:05.748475',52,1,21),(1020,'2024-04-16 14:51:07.136471',90000,'A-31','2025-02-11 21:51:05.748475',94,1,21),(1021,'2024-04-16 14:51:07.138495',90000,'A-30','2025-02-11 21:51:05.748475',39,1,21),(1022,'2024-04-16 14:51:07.140492',90000,'A-29','2025-01-21 21:51:05.748475',98,1,21),(1023,'2024-04-16 14:51:07.143004',90000,'A-28','2025-02-11 21:51:05.748475',63,1,21),(1024,'2024-04-16 14:51:07.144025',90000,'A-27','2025-01-21 21:51:05.748475',8,1,21),(1025,'2024-04-16 14:51:07.146019',90000,'A-26','2025-02-11 21:51:05.748475',96,1,21),(1026,'2024-04-16 14:51:07.147020',90000,'A-25','2025-01-21 21:51:05.748475',40,1,21),(1027,'2024-04-16 14:51:07.149045',90000,'A-24','2025-01-28 21:51:05.748475',76,1,21),(1028,'2024-04-16 14:51:07.150048',90000,'A-23','2025-01-21 21:51:05.748475',79,1,21),(1029,'2024-04-16 14:51:07.151045',90000,'A-22','2025-01-21 21:51:05.748475',87,1,21),(1030,'2024-04-16 14:51:07.152677',90000,'A-21','2025-01-28 21:51:05.748475',27,1,21),(1031,'2024-04-16 14:51:07.153645',90000,'A-20','2025-02-11 21:51:05.748475',55,1,21),(1032,'2024-04-16 14:51:07.154643',90000,'A-19','2025-01-28 21:51:05.748475',94,1,21),(1033,'2024-04-16 14:51:07.155646',90000,'A-18','2025-02-04 21:51:05.748475',52,1,21),(1034,'2024-04-16 14:51:07.157637',90000,'A-17','2025-01-21 21:51:05.748475',39,1,21),(1035,'2024-04-16 14:51:07.158638',90000,'A-16','2025-02-11 21:51:05.748475',98,1,21),(1036,'2024-04-16 14:51:07.159672',90000,'A-15','2025-02-04 21:51:05.748475',63,1,21),(1037,'2024-04-16 14:51:07.160683',90000,'A-14','2025-01-28 21:51:05.748475',2,1,21),(1038,'2024-04-16 14:51:07.161644',90000,'A-13','2025-02-11 21:51:05.748475',3,1,21),(1039,'2024-04-16 14:51:07.163793',90000,'A-12','2025-02-11 21:51:05.748475',84,1,21),(1040,'2024-04-16 14:51:07.164842',90000,'A-11','2025-01-28 21:51:05.748475',30,1,21),(1041,'2024-04-16 14:51:07.165797',90000,'A-10','2025-01-21 21:51:05.748475',80,1,21),(1042,'2024-04-16 14:51:07.167843',90000,'A-9','2025-01-28 21:51:05.748475',27,1,21),(1043,'2024-04-16 14:51:07.168797',90000,'A-8','2025-02-04 21:51:05.748475',37,1,21),(1044,'2024-04-16 14:51:07.169796',90000,'A-7','2025-02-11 21:51:05.748475',34,1,21),(1045,'2024-04-16 14:51:07.170804',90000,'A-6','2025-01-28 21:51:05.748475',96,1,21),(1046,'2024-04-16 14:51:07.172307',90000,'A-5','2025-02-11 21:51:05.748475',30,1,21),(1047,'2024-04-16 14:51:07.173312',90000,'A-4','2025-01-28 21:51:05.748475',37,1,21),(1048,'2024-04-16 14:51:07.174319',90000,'A-3','2025-02-04 21:51:05.748475',95,1,21),(1049,'2024-04-16 14:51:07.175320',90000,'A-2','2025-02-11 21:51:05.748475',95,1,21),(1050,'2024-04-16 14:51:07.177312',90000,'A-1','2025-02-04 21:51:05.748475',27,1,21),(1051,'2024-04-16 14:51:07.179331',80000,'A-50','2024-10-15 21:51:05.749479',59,1,22),(1052,'2024-04-16 14:51:07.180330',80000,'A-49','2024-10-22 21:51:05.749479',52,1,22),(1053,'2024-04-16 14:51:07.182332',80000,'A-48','2024-10-15 21:51:05.749479',42,1,22),(1054,'2024-04-16 14:51:07.182332',80000,'A-47','2024-10-15 21:51:05.749479',76,1,22),(1055,'2024-04-16 14:51:07.183685',80000,'A-46','2024-10-08 21:51:05.749479',55,1,22),(1056,'2024-04-16 14:51:07.186684',80000,'A-45','2024-10-08 21:51:05.749479',40,1,22),(1057,'2024-04-16 14:51:07.187684',80000,'A-44','2024-10-22 21:51:05.749479',55,1,22),(1058,'2024-04-16 14:51:07.188685',80000,'A-43','2024-10-29 21:51:05.749479',59,1,22),(1059,'2024-04-16 14:51:07.190684',80000,'A-42','2024-10-22 21:51:05.749479',40,1,22),(1060,'2024-04-16 14:51:07.191685',80000,'A-41','2024-10-15 21:51:05.749479',11,1,22),(1061,'2024-04-16 14:51:07.193833',80000,'A-40','2024-10-22 21:51:05.749479',39,1,22),(1062,'2024-04-16 14:51:07.194843',80000,'A-39','2024-10-15 21:51:05.749479',52,1,22),(1063,'2024-04-16 14:51:07.195831',80000,'A-38','2024-10-29 21:51:05.749479',3,1,22),(1064,'2024-04-16 14:51:07.196837',80000,'A-37','2024-10-22 21:51:05.749479',27,1,22),(1065,'2024-04-16 14:51:07.197850',80000,'A-36','2024-10-15 21:51:05.749479',27,1,22),(1066,'2024-04-16 14:51:07.198862',80000,'A-35','2024-10-22 21:51:05.749479',34,1,22),(1067,'2024-04-16 14:51:07.199881',80000,'A-34','2024-10-08 21:51:05.749479',8,1,22),(1068,'2024-04-16 14:51:07.200893',80000,'A-33','2024-10-22 21:51:05.749479',2,1,22),(1069,'2024-04-16 14:51:07.202403',80000,'A-32','2024-10-08 21:51:05.749479',3,1,22),(1070,'2024-04-16 14:51:07.203415',80000,'A-31','2024-10-15 21:51:05.749479',39,1,22),(1071,'2024-04-16 14:51:07.204410',80000,'A-30','2024-10-08 21:51:05.749479',96,1,22),(1072,'2024-04-16 14:51:07.206415',80000,'A-29','2024-10-15 21:51:05.749479',75,1,22),(1073,'2024-04-16 14:51:07.207422',80000,'A-28','2024-10-29 21:51:05.749479',52,1,22),(1074,'2024-04-16 14:51:07.208422',80000,'A-27','2024-10-08 21:51:05.749479',8,1,22),(1075,'2024-04-16 14:51:07.209423',80000,'A-26','2024-10-15 21:51:05.749479',95,1,22),(1076,'2024-04-16 14:51:07.211415',80000,'A-25','2024-10-08 21:51:05.749479',98,1,22),(1077,'2024-04-16 14:51:07.212423',80000,'A-24','2024-10-15 21:51:05.749479',75,1,22),(1078,'2024-04-16 14:51:07.213496',80000,'A-23','2024-10-29 21:51:05.749479',87,1,22),(1079,'2024-04-16 14:51:07.214499',80000,'A-22','2024-10-29 21:51:05.749479',50,1,22),(1080,'2024-04-16 14:51:07.215497',80000,'A-21','2024-10-08 21:51:05.749479',79,1,22),(1081,'2024-04-16 14:51:07.216497',80000,'A-20','2024-10-08 21:51:05.749479',39,1,22),(1082,'2024-04-16 14:51:07.218490',80000,'A-19','2024-10-22 21:51:05.749479',63,1,22),(1083,'2024-04-16 14:51:07.219501',80000,'A-18','2024-10-22 21:51:05.749479',52,1,22),(1084,'2024-04-16 14:51:07.220497',80000,'A-17','2024-10-15 21:51:05.749479',53,1,22),(1085,'2024-04-16 14:51:07.222496',80000,'A-16','2024-10-29 21:51:05.749479',96,1,22),(1086,'2024-04-16 14:51:07.223551',80000,'A-15','2024-10-29 21:51:05.749479',95,1,22),(1087,'2024-04-16 14:51:07.225551',80000,'A-14','2024-10-08 21:51:05.749479',27,1,22),(1088,'2024-04-16 14:51:07.226549',80000,'A-13','2024-10-22 21:51:05.749479',96,1,22),(1089,'2024-04-16 14:51:07.227554',80000,'A-12','2024-10-15 21:51:05.749479',63,1,22),(1090,'2024-04-16 14:51:07.228552',80000,'A-11','2024-10-08 21:51:05.749479',27,1,22),(1091,'2024-04-16 14:51:07.229551',80000,'A-10','2024-10-15 21:51:05.749479',49,1,22),(1092,'2024-04-16 14:51:07.230544',80000,'A-9','2024-10-08 21:51:05.749479',87,1,22),(1093,'2024-04-16 14:51:07.232549',80000,'A-8','2024-10-08 21:51:05.749479',42,1,22),(1094,'2024-04-16 14:51:07.233745',80000,'A-7','2024-10-22 21:51:05.749479',50,1,22),(1095,'2024-04-16 14:51:07.234741',80000,'A-6','2024-10-08 21:51:05.749479',59,1,22),(1096,'2024-04-16 14:51:07.235742',80000,'A-5','2024-10-15 21:51:05.749479',27,1,22),(1097,'2024-04-16 14:51:07.236740',80000,'A-4','2024-10-22 21:51:05.749479',3,1,22),(1098,'2024-04-16 14:51:07.238734',80000,'A-3','2024-10-29 21:51:05.749479',86,1,22),(1099,'2024-04-16 14:51:07.239773',80000,'A-2','2024-10-08 21:51:05.749479',8,1,22),(1100,'2024-04-16 14:51:07.240786',80000,'A-1','2024-10-08 21:51:05.749479',50,1,22),(1101,'2024-04-16 14:51:07.243296',70000,'A-50','2025-03-04 21:51:05.751475',86,1,23),(1102,'2024-04-16 14:51:07.245303',70000,'A-49','2025-02-18 21:51:05.751475',11,1,23),(1103,'2024-04-16 14:51:07.246302',70000,'A-48','2025-02-25 21:51:05.751475',86,1,23),(1104,'2024-04-16 14:51:07.247301',70000,'A-47','2025-03-04 21:51:05.751475',49,1,23),(1105,'2024-04-16 14:51:07.249302',70000,'A-46','2025-02-25 21:51:05.751475',27,1,23),(1106,'2024-04-16 14:51:07.250326',70000,'A-45','2025-02-11 21:51:05.751475',55,1,23),(1107,'2024-04-16 14:51:07.251301',70000,'A-44','2025-02-11 21:51:05.751475',40,1,23),(1108,'2024-04-16 14:51:07.252300',70000,'A-43','2025-03-04 21:51:05.751475',96,1,23),(1109,'2024-04-16 14:51:07.253332',70000,'A-42','2025-03-04 21:51:05.751475',98,1,23),(1110,'2024-04-16 14:51:07.255339',70000,'A-41','2025-03-04 21:51:05.751475',39,1,23),(1111,'2024-04-16 14:51:07.256339',70000,'A-40','2025-02-25 21:51:05.751475',3,1,23),(1112,'2024-04-16 14:51:07.257339',70000,'A-39','2025-03-04 21:51:05.751475',87,1,23),(1113,'2024-04-16 14:51:07.258339',70000,'A-38','2025-02-18 21:51:05.751475',98,1,23),(1114,'2024-04-16 14:51:07.260338',70000,'A-37','2025-02-18 21:51:05.751475',84,1,23),(1115,'2024-04-16 14:51:07.261345',70000,'A-36','2025-03-04 21:51:05.751475',52,1,23),(1116,'2024-04-16 14:51:07.262848',70000,'A-35','2025-02-11 21:51:05.751475',40,1,23),(1117,'2024-04-16 14:51:07.263857',70000,'A-34','2025-02-18 21:51:05.751475',2,1,23),(1118,'2024-04-16 14:51:07.264856',70000,'A-33','2025-02-11 21:51:05.751475',95,1,23),(1119,'2024-04-16 14:51:07.266862',70000,'A-32','2025-02-25 21:51:05.751475',42,1,23),(1120,'2024-04-16 14:51:07.267863',70000,'A-31','2025-02-25 21:51:05.751475',84,1,23),(1121,'2024-04-16 14:51:07.268862',70000,'A-30','2025-02-11 21:51:05.751475',76,1,23),(1122,'2024-04-16 14:51:07.269863',70000,'A-29','2025-02-25 21:51:05.751475',55,1,23),(1123,'2024-04-16 14:51:07.270863',70000,'A-28','2025-02-11 21:51:05.751475',30,1,23),(1124,'2024-04-16 14:51:07.272378',70000,'A-27','2025-02-18 21:51:05.751475',8,1,23),(1125,'2024-04-16 14:51:07.274406',70000,'A-26','2025-02-18 21:51:05.751475',55,1,23),(1126,'2024-04-16 14:51:07.275390',70000,'A-25','2025-02-18 21:51:05.751475',63,1,23),(1127,'2024-04-16 14:51:07.276397',70000,'A-24','2025-03-04 21:51:05.751475',34,1,23),(1128,'2024-04-16 14:51:07.277398',70000,'A-23','2025-02-18 21:51:05.751475',52,1,23),(1129,'2024-04-16 14:51:07.279398',70000,'A-22','2025-02-25 21:51:05.751475',96,1,23),(1130,'2024-04-16 14:51:07.281398',70000,'A-21','2025-03-04 21:51:05.751475',34,1,23),(1131,'2024-04-16 14:51:07.282903',70000,'A-20','2025-02-25 21:51:05.751475',40,1,23),(1132,'2024-04-16 14:51:07.283910',70000,'A-19','2025-03-04 21:51:05.751475',59,1,23),(1133,'2024-04-16 14:51:07.285911',70000,'A-18','2025-03-04 21:51:05.751475',76,1,23),(1134,'2024-04-16 14:51:07.289908',70000,'A-17','2025-02-11 21:51:05.751475',3,1,23),(1135,'2024-04-16 14:51:07.290909',70000,'A-16','2025-02-18 21:51:05.751475',3,1,23),(1136,'2024-04-16 14:51:07.292430',70000,'A-15','2025-03-04 21:51:05.751475',28,1,23),(1137,'2024-04-16 14:51:07.293438',70000,'A-14','2025-02-11 21:51:05.751475',42,1,23),(1138,'2024-04-16 14:51:07.294438',70000,'A-13','2025-02-11 21:51:05.751475',72,1,23),(1139,'2024-04-16 14:51:07.296437',70000,'A-12','2025-02-25 21:51:05.751475',63,1,23),(1140,'2024-04-16 14:51:07.298436',70000,'A-11','2025-03-04 21:51:05.751475',27,1,23),(1141,'2024-04-16 14:51:07.299437',70000,'A-10','2025-02-25 21:51:05.751475',84,1,23),(1142,'2024-04-16 14:51:07.301436',70000,'A-9','2025-02-11 21:51:05.751475',52,1,23),(1143,'2024-04-16 14:51:07.302441',70000,'A-8','2025-03-04 21:51:05.751475',87,1,23),(1144,'2024-04-16 14:51:07.303669',70000,'A-7','2025-02-18 21:51:05.751475',3,1,23),(1145,'2024-04-16 14:51:07.305669',70000,'A-6','2025-02-18 21:51:05.751475',28,1,23),(1146,'2024-04-16 14:51:07.306671',70000,'A-5','2025-02-18 21:51:05.751475',8,1,23),(1147,'2024-04-16 14:51:07.307669',70000,'A-4','2025-02-25 21:51:05.751475',79,1,23),(1148,'2024-04-16 14:51:07.308669',70000,'A-3','2025-02-18 21:51:05.751475',79,1,23),(1149,'2024-04-16 14:51:07.310668',70000,'A-2','2025-02-18 21:51:05.751475',72,1,23),(1150,'2024-04-16 14:51:07.311670',70000,'A-1','2025-02-18 21:51:05.751475',30,1,23),(1151,'2024-04-16 14:51:07.314770',70000,'A-50','2024-11-05 21:51:05.752477',48,1,24),(1152,'2024-04-16 14:51:07.315768',70000,'A-49','2024-11-05 21:51:05.752477',34,1,24),(1153,'2024-04-16 14:51:07.317770',70000,'A-48','2024-11-05 21:51:05.752477',72,1,24),(1154,'2024-04-16 14:51:07.318770',70000,'A-47','2024-10-29 21:51:05.752477',50,1,24),(1155,'2024-04-16 14:51:07.320773',70000,'A-46','2024-11-12 21:51:05.752477',2,1,24),(1156,'2024-04-16 14:51:07.322769',70000,'A-45','2024-10-22 21:51:05.752477',49,1,24),(1157,'2024-04-16 14:51:07.325062',70000,'A-44','2024-10-22 21:51:05.752477',80,1,24),(1158,'2024-04-16 14:51:07.326061',70000,'A-43','2024-10-22 21:51:05.752477',27,1,24),(1159,'2024-04-16 14:51:07.327061',70000,'A-42','2024-10-29 21:51:05.752477',34,1,24),(1160,'2024-04-16 14:51:07.328064',70000,'A-41','2024-11-12 21:51:05.752477',53,1,24),(1161,'2024-04-16 14:51:07.330064',70000,'A-40','2024-10-29 21:51:05.752477',96,1,24),(1162,'2024-04-16 14:51:07.331062',70000,'A-39','2024-10-22 21:51:05.752477',2,1,24),(1163,'2024-04-16 14:51:07.332570',70000,'A-38','2024-11-05 21:51:05.752477',75,1,24),(1164,'2024-04-16 14:51:07.333577',70000,'A-37','2024-10-22 21:51:05.752477',28,1,24),(1165,'2024-04-16 14:51:07.335578',70000,'A-36','2024-10-22 21:51:05.752477',86,1,24),(1166,'2024-04-16 14:51:07.337576',70000,'A-35','2024-11-05 21:51:05.752477',63,1,24),(1167,'2024-04-16 14:51:07.338578',70000,'A-34','2024-10-29 21:51:05.752477',48,1,24),(1168,'2024-04-16 14:51:07.339576',70000,'A-33','2024-11-12 21:51:05.752477',28,1,24),(1169,'2024-04-16 14:51:07.341578',70000,'A-32','2024-10-29 21:51:05.752477',63,1,24),(1170,'2024-04-16 14:51:07.342578',70000,'A-31','2024-11-05 21:51:05.752477',3,1,24),(1171,'2024-04-16 14:51:07.343618',70000,'A-30','2024-11-12 21:51:05.752477',75,1,24),(1172,'2024-04-16 14:51:07.345618',70000,'A-29','2024-10-29 21:51:05.752477',39,1,24),(1173,'2024-04-16 14:51:07.346618',70000,'A-28','2024-10-22 21:51:05.752477',34,1,24),(1174,'2024-04-16 14:51:07.347617',70000,'A-27','2024-11-12 21:51:05.752477',34,1,24),(1175,'2024-04-16 14:51:07.349617',70000,'A-26','2024-11-05 21:51:05.752477',72,1,24),(1176,'2024-04-16 14:51:07.350616',70000,'A-25','2024-11-12 21:51:05.752477',3,1,24),(1177,'2024-04-16 14:51:07.352617',70000,'A-24','2024-11-05 21:51:05.752477',37,1,24),(1178,'2024-04-16 14:51:07.353753',70000,'A-23','2024-10-22 21:51:05.752477',94,1,24),(1179,'2024-04-16 14:51:07.355766',70000,'A-22','2024-10-22 21:51:05.752477',59,1,24),(1180,'2024-04-16 14:51:07.356753',70000,'A-21','2024-11-05 21:51:05.752477',84,1,24),(1181,'2024-04-16 14:51:07.358754',70000,'A-20','2024-11-05 21:51:05.752477',94,1,24),(1182,'2024-04-16 14:51:07.359754',70000,'A-19','2024-10-29 21:51:05.752477',87,1,24),(1183,'2024-04-16 14:51:07.360755',70000,'A-18','2024-10-29 21:51:05.752477',84,1,24),(1184,'2024-04-16 14:51:07.362753',70000,'A-17','2024-11-12 21:51:05.752477',52,1,24),(1185,'2024-04-16 14:51:07.364267',70000,'A-16','2024-10-22 21:51:05.752477',55,1,24),(1186,'2024-04-16 14:51:07.365268',70000,'A-15','2024-11-12 21:51:05.752477',72,1,24),(1187,'2024-04-16 14:51:07.366268',70000,'A-14','2024-10-22 21:51:05.752477',11,1,24),(1188,'2024-04-16 14:51:07.370269',70000,'A-13','2024-10-29 21:51:05.752477',40,1,24),(1189,'2024-04-16 14:51:07.372781',70000,'A-12','2024-10-22 21:51:05.752477',95,1,24),(1190,'2024-04-16 14:51:07.377822',70000,'A-11','2024-10-22 21:51:05.752477',3,1,24),(1191,'2024-04-16 14:51:07.380808',70000,'A-10','2024-11-05 21:51:05.752477',48,1,24),(1192,'2024-04-16 14:51:07.383340',70000,'A-9','2024-11-12 21:51:05.752477',94,1,24),(1193,'2024-04-16 14:51:07.385321',70000,'A-8','2024-11-12 21:51:05.752477',87,1,24),(1194,'2024-04-16 14:51:07.387331',70000,'A-7','2024-11-05 21:51:05.752477',80,1,24),(1195,'2024-04-16 14:51:07.388319',70000,'A-6','2024-10-22 21:51:05.752477',48,1,24),(1196,'2024-04-16 14:51:07.389320',70000,'A-5','2024-10-29 21:51:05.752477',76,1,24),(1197,'2024-04-16 14:51:07.390322',70000,'A-4','2024-10-22 21:51:05.752477',79,1,24),(1198,'2024-04-16 14:51:07.392319',70000,'A-3','2024-10-29 21:51:05.752477',59,1,24),(1199,'2024-04-16 14:51:07.392319',70000,'A-2','2024-10-22 21:51:05.752477',94,1,24),(1200,'2024-04-16 14:51:07.394746',70000,'A-1','2024-11-05 21:51:05.752477',27,1,24),(1201,'2024-04-16 14:51:07.396747',60000,'A-50','2024-10-22 21:51:05.753764',59,1,25),(1202,'2024-04-16 14:51:07.398748',60000,'A-49','2024-10-01 21:51:05.753764',79,1,25),(1203,'2024-04-16 14:51:07.399749',60000,'A-48','2024-10-01 21:51:05.753764',37,1,25),(1204,'2024-04-16 14:51:07.400747',60000,'A-47','2024-10-08 21:51:05.753764',2,1,25),(1205,'2024-04-16 14:51:07.402749',60000,'A-46','2024-10-15 21:51:05.753764',40,1,25),(1206,'2024-04-16 14:51:07.404853',60000,'A-45','2024-10-01 21:51:05.753764',50,1,25),(1207,'2024-04-16 14:51:07.405855',60000,'A-44','2024-10-01 21:51:05.753764',96,1,25),(1208,'2024-04-16 14:51:07.407854',60000,'A-43','2024-10-08 21:51:05.753764',42,1,25),(1209,'2024-04-16 14:51:07.408852',60000,'A-42','2024-10-01 21:51:05.753764',50,1,25),(1210,'2024-04-16 14:51:07.409854',60000,'A-41','2024-10-01 21:51:05.753764',48,1,25),(1211,'2024-04-16 14:51:07.410852',60000,'A-40','2024-10-15 21:51:05.753764',37,1,25),(1212,'2024-04-16 14:51:07.412357',60000,'A-39','2024-10-15 21:51:05.753764',34,1,25),(1213,'2024-04-16 14:51:07.414363',60000,'A-38','2024-10-15 21:51:05.753764',52,1,25),(1214,'2024-04-16 14:51:07.415363',60000,'A-37','2024-10-01 21:51:05.753764',34,1,25),(1215,'2024-04-16 14:51:07.417365',60000,'A-36','2024-10-15 21:51:05.753764',49,1,25),(1216,'2024-04-16 14:51:07.418364',60000,'A-35','2024-10-08 21:51:05.753764',40,1,25),(1217,'2024-04-16 14:51:07.419366',60000,'A-34','2024-10-08 21:51:05.753764',87,1,25),(1218,'2024-04-16 14:51:07.421364',60000,'A-33','2024-10-08 21:51:05.753764',75,1,25),(1219,'2024-04-16 14:51:07.422366',60000,'A-32','2024-10-01 21:51:05.753764',42,1,25),(1220,'2024-04-16 14:51:07.423446',60000,'A-31','2024-10-01 21:51:05.753764',72,1,25),(1221,'2024-04-16 14:51:07.425444',60000,'A-30','2024-10-15 21:51:05.753764',87,1,25),(1222,'2024-04-16 14:51:07.426445',60000,'A-29','2024-10-22 21:51:05.753764',48,1,25),(1223,'2024-04-16 14:51:07.427444',60000,'A-28','2024-10-15 21:51:05.753764',96,1,25),(1224,'2024-04-16 14:51:07.428443',60000,'A-27','2024-10-01 21:51:05.753764',48,1,25),(1225,'2024-04-16 14:51:07.430443',60000,'A-26','2024-10-15 21:51:05.753764',37,1,25),(1226,'2024-04-16 14:51:07.431443',60000,'A-25','2024-10-08 21:51:05.753764',8,1,25),(1227,'2024-04-16 14:51:07.432445',60000,'A-24','2024-10-01 21:51:05.753764',37,1,25),(1228,'2024-04-16 14:51:07.434479',60000,'A-23','2024-10-22 21:51:05.753764',3,1,25),(1229,'2024-04-16 14:51:07.436478',60000,'A-22','2024-10-22 21:51:05.753764',28,1,25),(1230,'2024-04-16 14:51:07.437477',60000,'A-21','2024-10-01 21:51:05.753764',48,1,25),(1231,'2024-04-16 14:51:07.438478',60000,'A-20','2024-10-08 21:51:05.753764',63,1,25),(1232,'2024-04-16 14:51:07.440476',60000,'A-19','2024-10-01 21:51:05.753764',30,1,25),(1233,'2024-04-16 14:51:07.441478',60000,'A-18','2024-10-22 21:51:05.753764',50,1,25),(1234,'2024-04-16 14:51:07.442478',60000,'A-17','2024-10-22 21:51:05.753764',50,1,25),(1235,'2024-04-16 14:51:07.444588',60000,'A-16','2024-10-08 21:51:05.753764',96,1,25),(1236,'2024-04-16 14:51:07.445594',60000,'A-15','2024-10-08 21:51:05.753764',75,1,25),(1237,'2024-04-16 14:51:07.446602',60000,'A-14','2024-10-01 21:51:05.753764',40,1,25),(1238,'2024-04-16 14:51:07.447600',60000,'A-13','2024-10-08 21:51:05.753764',42,1,25),(1239,'2024-04-16 14:51:07.448602',60000,'A-12','2024-10-08 21:51:05.753764',87,1,25),(1240,'2024-04-16 14:51:07.450601',60000,'A-11','2024-10-01 21:51:05.753764',80,1,25),(1241,'2024-04-16 14:51:07.451600',60000,'A-10','2024-10-15 21:51:05.753764',37,1,25),(1242,'2024-04-16 14:51:07.453636',60000,'A-9','2024-10-15 21:51:05.753764',48,1,25),(1243,'2024-04-16 14:51:07.454635',60000,'A-8','2024-10-15 21:51:05.753764',48,1,25),(1244,'2024-04-16 14:51:07.455637',60000,'A-7','2024-10-22 21:51:05.753764',34,1,25),(1245,'2024-04-16 14:51:07.457635',60000,'A-6','2024-10-08 21:51:05.753764',50,1,25),(1246,'2024-04-16 14:51:07.458635',60000,'A-5','2024-10-15 21:51:05.753764',2,1,25),(1247,'2024-04-16 14:51:07.460635',60000,'A-4','2024-10-22 21:51:05.753764',8,1,25),(1248,'2024-04-16 14:51:07.461635',60000,'A-3','2024-10-08 21:51:05.753764',86,1,25),(1249,'2024-04-16 14:51:07.463734',60000,'A-2','2024-10-22 21:51:05.753764',95,1,25),(1250,'2024-04-16 14:51:07.464750',60000,'A-1','2024-10-01 21:51:05.753764',72,1,25),(1251,'2024-04-16 14:51:07.466775',70000,'A-50','2024-12-03 21:51:05.755764',84,1,26),(1252,'2024-04-16 14:51:07.467776',70000,'A-49','2024-12-10 21:51:05.755764',86,1,26),(1253,'2024-04-16 14:51:07.469776',70000,'A-48','2024-12-10 21:51:05.755764',3,1,26),(1254,'2024-04-16 14:51:07.470796',70000,'A-47','2024-11-26 21:51:05.755764',98,1,26),(1255,'2024-04-16 14:51:07.472304',70000,'A-46','2024-11-19 21:51:05.755764',75,1,26),(1256,'2024-04-16 14:51:07.473322',70000,'A-45','2024-11-26 21:51:05.755764',96,1,26),(1257,'2024-04-16 14:51:07.474310',70000,'A-44','2024-11-19 21:51:05.755764',63,1,26),(1258,'2024-04-16 14:51:07.475311',70000,'A-43','2024-12-03 21:51:05.755764',48,1,26),(1259,'2024-04-16 14:51:07.476311',70000,'A-42','2024-11-19 21:51:05.755764',49,1,26),(1260,'2024-04-16 14:51:07.477311',70000,'A-41','2024-11-26 21:51:05.755764',28,1,26),(1261,'2024-04-16 14:51:07.479310',70000,'A-40','2024-12-10 21:51:05.755764',94,1,26),(1262,'2024-04-16 14:51:07.480310',70000,'A-39','2024-11-26 21:51:05.755764',76,1,26),(1263,'2024-04-16 14:51:07.481311',70000,'A-38','2024-11-26 21:51:05.755764',76,1,26),(1264,'2024-04-16 14:51:07.482310',70000,'A-37','2024-11-26 21:51:05.755764',40,1,26),(1265,'2024-04-16 14:51:07.483513',70000,'A-36','2024-11-19 21:51:05.755764',84,1,26),(1266,'2024-04-16 14:51:07.485512',70000,'A-35','2024-12-10 21:51:05.755764',8,1,26),(1267,'2024-04-16 14:51:07.486512',70000,'A-34','2024-11-26 21:51:05.755764',42,1,26),(1268,'2024-04-16 14:51:07.488513',70000,'A-33','2024-12-03 21:51:05.755764',42,1,26),(1269,'2024-04-16 14:51:07.489512',70000,'A-32','2024-11-26 21:51:05.755764',34,1,26),(1270,'2024-04-16 14:51:07.490528',70000,'A-31','2024-11-26 21:51:05.755764',28,1,26),(1271,'2024-04-16 14:51:07.492512',70000,'A-30','2024-12-10 21:51:05.755764',59,1,26),(1272,'2024-04-16 14:51:07.493580',70000,'A-29','2024-11-19 21:51:05.755764',75,1,26),(1273,'2024-04-16 14:51:07.495580',70000,'A-28','2024-11-26 21:51:05.755764',28,1,26),(1274,'2024-04-16 14:51:07.496581',70000,'A-27','2024-11-26 21:51:05.755764',96,1,26),(1275,'2024-04-16 14:51:07.498586',70000,'A-26','2024-11-19 21:51:05.755764',52,1,26),(1276,'2024-04-16 14:51:07.499580',70000,'A-25','2024-11-19 21:51:05.755764',79,1,26),(1277,'2024-04-16 14:51:07.500581',70000,'A-24','2024-11-19 21:51:05.755764',53,1,26),(1278,'2024-04-16 14:51:07.502580',70000,'A-23','2024-12-10 21:51:05.755764',37,1,26),(1279,'2024-04-16 14:51:07.503677',70000,'A-22','2024-12-03 21:51:05.755764',72,1,26),(1280,'2024-04-16 14:51:07.505677',70000,'A-21','2024-12-03 21:51:05.755764',80,1,26),(1281,'2024-04-16 14:51:07.506676',70000,'A-20','2024-11-26 21:51:05.755764',49,1,26),(1282,'2024-04-16 14:51:07.507678',70000,'A-19','2024-11-26 21:51:05.755764',30,1,26),(1283,'2024-04-16 14:51:07.508677',70000,'A-18','2024-12-10 21:51:05.755764',96,1,26),(1284,'2024-04-16 14:51:07.510677',70000,'A-17','2024-11-26 21:51:05.755764',30,1,26),(1285,'2024-04-16 14:51:07.511678',70000,'A-16','2024-11-19 21:51:05.755764',63,1,26),(1286,'2024-04-16 14:51:07.512677',70000,'A-15','2024-11-26 21:51:05.755764',37,1,26),(1287,'2024-04-16 14:51:07.513700',70000,'A-14','2024-12-03 21:51:05.755764',2,1,26),(1288,'2024-04-16 14:51:07.515705',70000,'A-13','2024-12-03 21:51:05.755764',49,1,26),(1289,'2024-04-16 14:51:07.516708',70000,'A-12','2024-11-26 21:51:05.755764',55,1,26),(1290,'2024-04-16 14:51:07.517704',70000,'A-11','2024-12-03 21:51:05.755764',72,1,26),(1291,'2024-04-16 14:51:07.519704',70000,'A-10','2024-11-19 21:51:05.755764',49,1,26),(1292,'2024-04-16 14:51:07.520706',70000,'A-9','2024-12-10 21:51:05.755764',86,1,26),(1293,'2024-04-16 14:51:07.521705',70000,'A-8','2024-11-19 21:51:05.755764',53,1,26),(1294,'2024-04-16 14:51:07.522707',70000,'A-7','2024-11-19 21:51:05.755764',27,1,26),(1295,'2024-04-16 14:51:07.524780',70000,'A-6','2024-11-19 21:51:05.755764',94,1,26),(1296,'2024-04-16 14:51:07.525781',70000,'A-5','2024-12-03 21:51:05.755764',34,1,26),(1297,'2024-04-16 14:51:07.526781',70000,'A-4','2024-11-26 21:51:05.755764',63,1,26),(1298,'2024-04-16 14:51:07.528780',70000,'A-3','2024-11-26 21:51:05.755764',87,1,26),(1299,'2024-04-16 14:51:07.529780',70000,'A-2','2024-11-26 21:51:05.755764',49,1,26),(1300,'2024-04-16 14:51:07.530781',70000,'A-1','2024-11-26 21:51:05.755764',80,1,26),(1301,'2024-04-16 14:51:07.532781',60000,'A-50','2024-12-17 21:51:05.756763',42,1,27),(1302,'2024-04-16 14:51:07.535245',60000,'A-49','2024-12-31 21:51:05.756763',76,1,27),(1303,'2024-04-16 14:51:07.536252',60000,'A-48','2024-12-24 21:51:05.756763',75,1,27),(1304,'2024-04-16 14:51:07.538250',60000,'A-47','2024-12-24 21:51:05.756763',50,1,27),(1305,'2024-04-16 14:51:07.539251',60000,'A-46','2024-12-17 21:51:05.756763',53,1,27),(1306,'2024-04-16 14:51:07.541251',60000,'A-45','2024-12-31 21:51:05.756763',79,1,27),(1307,'2024-04-16 14:51:07.541251',60000,'A-44','2025-01-07 21:51:05.756763',28,1,27),(1308,'2024-04-16 14:51:07.543768',60000,'A-43','2024-12-24 21:51:05.756763',27,1,27),(1309,'2024-04-16 14:51:07.544765',60000,'A-42','2025-01-07 21:51:05.756763',37,1,27),(1310,'2024-04-16 14:51:07.546767',60000,'A-41','2024-12-17 21:51:05.756763',48,1,27),(1311,'2024-04-16 14:51:07.547766',60000,'A-40','2024-12-24 21:51:05.756763',8,1,27),(1312,'2024-04-16 14:51:07.549766',60000,'A-39','2025-01-07 21:51:05.756763',28,1,27),(1313,'2024-04-16 14:51:07.550765',60000,'A-38','2024-12-17 21:51:05.756763',75,1,27),(1314,'2024-04-16 14:51:07.551766',60000,'A-37','2024-12-17 21:51:05.756763',8,1,27),(1315,'2024-04-16 14:51:07.552772',60000,'A-36','2024-12-17 21:51:05.756763',59,1,27),(1316,'2024-04-16 14:51:07.554871',60000,'A-35','2024-12-24 21:51:05.756763',55,1,27),(1317,'2024-04-16 14:51:07.555871',60000,'A-34','2025-01-07 21:51:05.756763',3,1,27),(1318,'2024-04-16 14:51:07.557872',60000,'A-33','2025-01-07 21:51:05.756763',53,1,27),(1319,'2024-04-16 14:51:07.559873',60000,'A-32','2024-12-17 21:51:05.756763',84,1,27),(1320,'2024-04-16 14:51:07.560872',60000,'A-31','2024-12-24 21:51:05.756763',87,1,27),(1321,'2024-04-16 14:51:07.563384',60000,'A-30','2024-12-31 21:51:05.756763',80,1,27),(1322,'2024-04-16 14:51:07.564386',60000,'A-29','2024-12-24 21:51:05.756763',39,1,27),(1323,'2024-04-16 14:51:07.565387',60000,'A-28','2024-12-31 21:51:05.756763',3,1,27),(1324,'2024-04-16 14:51:07.566385',60000,'A-27','2025-01-07 21:51:05.756763',2,1,27),(1325,'2024-04-16 14:51:07.567385',60000,'A-26','2024-12-24 21:51:05.756763',42,1,27),(1326,'2024-04-16 14:51:07.568384',60000,'A-25','2024-12-24 21:51:05.756763',50,1,27),(1327,'2024-04-16 14:51:07.570383',60000,'A-24','2024-12-24 21:51:05.756763',2,1,27),(1328,'2024-04-16 14:51:07.571383',60000,'A-23','2024-12-17 21:51:05.756763',40,1,27),(1329,'2024-04-16 14:51:07.572385',60000,'A-22','2024-12-31 21:51:05.756763',37,1,27),(1330,'2024-04-16 14:51:07.573697',60000,'A-21','2024-12-24 21:51:05.756763',96,1,27),(1331,'2024-04-16 14:51:07.574698',60000,'A-20','2024-12-31 21:51:05.756763',30,1,27),(1332,'2024-04-16 14:51:07.575697',60000,'A-19','2024-12-31 21:51:05.756763',53,1,27),(1333,'2024-04-16 14:51:07.577697',60000,'A-18','2024-12-24 21:51:05.756763',96,1,27),(1334,'2024-04-16 14:51:07.578698',60000,'A-17','2025-01-07 21:51:05.756763',63,1,27),(1335,'2024-04-16 14:51:07.579697',60000,'A-16','2024-12-24 21:51:05.756763',87,1,27),(1336,'2024-04-16 14:51:07.580702',60000,'A-15','2025-01-07 21:51:05.756763',42,1,27),(1337,'2024-04-16 14:51:07.582698',60000,'A-14','2024-12-24 21:51:05.756763',49,1,27),(1338,'2024-04-16 14:51:07.582698',60000,'A-13','2024-12-31 21:51:05.756763',86,1,27),(1339,'2024-04-16 14:51:07.584129',60000,'A-12','2024-12-17 21:51:05.756763',3,1,27),(1340,'2024-04-16 14:51:07.586128',60000,'A-11','2025-01-07 21:51:05.756763',55,1,27),(1341,'2024-04-16 14:51:07.587128',60000,'A-10','2024-12-31 21:51:05.756763',50,1,27),(1342,'2024-04-16 14:51:07.588126',60000,'A-9','2024-12-17 21:51:05.756763',79,1,27),(1343,'2024-04-16 14:51:07.590128',60000,'A-8','2024-12-17 21:51:05.756763',30,1,27),(1344,'2024-04-16 14:51:07.591127',60000,'A-7','2024-12-24 21:51:05.756763',37,1,27),(1345,'2024-04-16 14:51:07.591127',60000,'A-6','2024-12-17 21:51:05.756763',2,1,27),(1346,'2024-04-16 14:51:07.592633',60000,'A-5','2025-01-07 21:51:05.756763',37,1,27),(1347,'2024-04-16 14:51:07.594647',60000,'A-4','2024-12-17 21:51:05.756763',53,1,27),(1348,'2024-04-16 14:51:07.595648',60000,'A-3','2024-12-24 21:51:05.756763',8,1,27),(1349,'2024-04-16 14:51:07.596648',60000,'A-2','2024-12-31 21:51:05.756763',42,1,27),(1350,'2024-04-16 14:51:07.597647',60000,'A-1','2025-01-07 21:51:05.756763',84,1,27),(1351,'2024-04-16 14:51:07.600648',80000,'A-50','2024-11-19 21:51:05.758765',86,1,28),(1352,'2024-04-16 14:51:07.601650',80000,'A-49','2024-11-26 21:51:05.758765',63,1,28),(1353,'2024-04-16 14:51:07.602647',80000,'A-48','2024-12-03 21:51:05.758765',28,1,28),(1354,'2024-04-16 14:51:07.604870',80000,'A-47','2024-11-26 21:51:05.758765',34,1,28),(1355,'2024-04-16 14:51:07.605869',80000,'A-46','2024-12-03 21:51:05.758765',37,1,28),(1356,'2024-04-16 14:51:07.606869',80000,'A-45','2024-12-03 21:51:05.758765',11,1,28),(1357,'2024-04-16 14:51:07.607868',80000,'A-44','2024-12-03 21:51:05.758765',30,1,28),(1358,'2024-04-16 14:51:07.608870',80000,'A-43','2024-11-19 21:51:05.758765',37,1,28),(1359,'2024-04-16 14:51:07.609870',80000,'A-42','2024-11-12 21:51:05.758765',72,1,28),(1360,'2024-04-16 14:51:07.610870',80000,'A-41','2024-11-26 21:51:05.758765',28,1,28),(1361,'2024-04-16 14:51:07.613383',80000,'A-40','2024-11-12 21:51:05.758765',39,1,28),(1362,'2024-04-16 14:51:07.614382',80000,'A-39','2024-11-19 21:51:05.758765',27,1,28),(1363,'2024-04-16 14:51:07.615382',80000,'A-38','2024-11-26 21:51:05.758765',40,1,28),(1364,'2024-04-16 14:51:07.617382',80000,'A-37','2024-11-12 21:51:05.758765',40,1,28),(1365,'2024-04-16 14:51:07.621382',80000,'A-36','2024-11-12 21:51:05.758765',28,1,28),(1366,'2024-04-16 14:51:07.624912',80000,'A-35','2024-11-12 21:51:05.758765',37,1,28),(1367,'2024-04-16 14:51:07.630927',80000,'A-34','2024-12-03 21:51:05.758765',30,1,28),(1368,'2024-04-16 14:51:07.634449',80000,'A-33','2024-12-03 21:51:05.758765',28,1,28),(1369,'2024-04-16 14:51:07.637484',80000,'A-32','2024-11-12 21:51:05.758765',76,1,28),(1370,'2024-04-16 14:51:07.638456',80000,'A-31','2024-12-03 21:51:05.758765',94,1,28),(1371,'2024-04-16 14:51:07.640455',80000,'A-30','2024-11-12 21:51:05.758765',3,1,28),(1372,'2024-04-16 14:51:07.642493',80000,'A-29','2024-12-03 21:51:05.758765',76,1,28),(1373,'2024-04-16 14:51:07.643611',80000,'A-28','2024-11-12 21:51:05.758765',52,1,28),(1374,'2024-04-16 14:51:07.645605',80000,'A-27','2024-12-03 21:51:05.758765',95,1,28),(1375,'2024-04-16 14:51:07.646605',80000,'A-26','2024-11-19 21:51:05.758765',53,1,28),(1376,'2024-04-16 14:51:07.647605',80000,'A-25','2024-12-03 21:51:05.758765',55,1,28),(1377,'2024-04-16 14:51:07.648606',80000,'A-24','2024-11-12 21:51:05.758765',2,1,28),(1378,'2024-04-16 14:51:07.649605',80000,'A-23','2024-11-19 21:51:05.758765',40,1,28),(1379,'2024-04-16 14:51:07.651605',80000,'A-22','2024-11-26 21:51:05.758765',48,1,28),(1380,'2024-04-16 14:51:07.652605',80000,'A-21','2024-11-26 21:51:05.758765',63,1,28),(1381,'2024-04-16 14:51:07.653909',80000,'A-20','2024-11-26 21:51:05.758765',79,1,28),(1382,'2024-04-16 14:51:07.654909',80000,'A-19','2024-11-26 21:51:05.758765',84,1,28),(1383,'2024-04-16 14:51:07.655908',80000,'A-18','2024-11-26 21:51:05.758765',28,1,28),(1384,'2024-04-16 14:51:07.656908',80000,'A-17','2024-11-19 21:51:05.758765',37,1,28),(1385,'2024-04-16 14:51:07.657911',80000,'A-16','2024-11-12 21:51:05.758765',30,1,28),(1386,'2024-04-16 14:51:07.658912',80000,'A-15','2024-11-12 21:51:05.758765',34,1,28),(1387,'2024-04-16 14:51:07.660909',80000,'A-14','2024-12-03 21:51:05.758765',30,1,28),(1388,'2024-04-16 14:51:07.660909',80000,'A-13','2024-11-12 21:51:05.758765',96,1,28),(1389,'2024-04-16 14:51:07.662416',80000,'A-12','2024-11-26 21:51:05.758765',95,1,28),(1390,'2024-04-16 14:51:07.664424',80000,'A-11','2024-11-19 21:51:05.758765',87,1,28),(1391,'2024-04-16 14:51:07.665424',80000,'A-10','2024-11-26 21:51:05.758765',34,1,28),(1392,'2024-04-16 14:51:07.666422',80000,'A-9','2024-11-12 21:51:05.758765',55,1,28),(1393,'2024-04-16 14:51:07.668423',80000,'A-8','2024-11-26 21:51:05.758765',27,1,28),(1394,'2024-04-16 14:51:07.669423',80000,'A-7','2024-11-19 21:51:05.758765',84,1,28),(1395,'2024-04-16 14:51:07.670422',80000,'A-6','2024-11-12 21:51:05.758765',96,1,28),(1396,'2024-04-16 14:51:07.671423',80000,'A-5','2024-11-19 21:51:05.758765',50,1,28),(1397,'2024-04-16 14:51:07.672423',80000,'A-4','2024-12-03 21:51:05.758765',42,1,28),(1398,'2024-04-16 14:51:07.673602',80000,'A-3','2024-12-03 21:51:05.758765',28,1,28),(1399,'2024-04-16 14:51:07.674599',80000,'A-2','2024-11-26 21:51:05.758765',53,1,28),(1400,'2024-04-16 14:51:07.676599',80000,'A-1','2024-11-26 21:51:05.758765',34,1,28),(1401,'2024-04-16 14:51:07.678598',50000,'A-50','2025-02-11 21:51:05.760765',52,1,29),(1402,'2024-04-16 14:51:07.679598',50000,'A-49','2025-02-25 21:51:05.760765',27,1,29),(1403,'2024-04-16 14:51:07.681599',50000,'A-48','2025-02-04 21:51:05.760765',28,1,29),(1404,'2024-04-16 14:51:07.683105',50000,'A-47','2025-02-11 21:51:05.760765',50,1,29),(1405,'2024-04-16 14:51:07.684117',50000,'A-46','2025-02-25 21:51:05.760765',8,1,29),(1406,'2024-04-16 14:51:07.686112',50000,'A-45','2025-02-18 21:51:05.760765',55,1,29),(1407,'2024-04-16 14:51:07.687113',50000,'A-44','2025-02-11 21:51:05.760765',48,1,29),(1408,'2024-04-16 14:51:07.689112',50000,'A-43','2025-02-11 21:51:05.760765',42,1,29),(1409,'2024-04-16 14:51:07.690112',50000,'A-42','2025-02-25 21:51:05.760765',50,1,29),(1410,'2024-04-16 14:51:07.692675',50000,'A-41','2025-02-04 21:51:05.760765',72,1,29),(1411,'2024-04-16 14:51:07.694688',50000,'A-40','2025-02-18 21:51:05.760765',59,1,29),(1412,'2024-04-16 14:51:07.697725',50000,'A-39','2025-02-18 21:51:05.760765',79,1,29),(1413,'2024-04-16 14:51:07.698736',50000,'A-38','2025-02-11 21:51:05.760765',76,1,29),(1414,'2024-04-16 14:51:07.699725',50000,'A-37','2025-02-18 21:51:05.760765',95,1,29),(1415,'2024-04-16 14:51:07.700730',50000,'A-36','2025-02-11 21:51:05.760765',27,1,29),(1416,'2024-04-16 14:51:07.701737',50000,'A-35','2025-02-11 21:51:05.760765',50,1,29),(1417,'2024-04-16 14:51:07.703240',50000,'A-34','2025-02-25 21:51:05.760765',30,1,29),(1418,'2024-04-16 14:51:07.704246',50000,'A-33','2025-02-25 21:51:05.760765',72,1,29),(1419,'2024-04-16 14:51:07.706252',50000,'A-32','2025-02-18 21:51:05.760765',28,1,29),(1420,'2024-04-16 14:51:07.707251',50000,'A-31','2025-02-25 21:51:05.760765',27,1,29),(1421,'2024-04-16 14:51:07.708251',50000,'A-30','2025-02-04 21:51:05.760765',27,1,29),(1422,'2024-04-16 14:51:07.709251',50000,'A-29','2025-02-18 21:51:05.760765',55,1,29),(1423,'2024-04-16 14:51:07.710250',50000,'A-28','2025-02-18 21:51:05.760765',34,1,29),(1424,'2024-04-16 14:51:07.711251',50000,'A-27','2025-02-25 21:51:05.760765',52,1,29),(1425,'2024-04-16 14:51:07.712755',50000,'A-26','2025-02-04 21:51:05.760765',80,1,29),(1426,'2024-04-16 14:51:07.714769',50000,'A-25','2025-02-11 21:51:05.760765',55,1,29),(1427,'2024-04-16 14:51:07.715761',50000,'A-24','2025-02-04 21:51:05.760765',86,1,29),(1428,'2024-04-16 14:51:07.717771',50000,'A-23','2025-02-18 21:51:05.760765',96,1,29),(1429,'2024-04-16 14:51:07.718816',50000,'A-22','2025-02-11 21:51:05.760765',34,1,29),(1430,'2024-04-16 14:51:07.719836',50000,'A-21','2025-02-18 21:51:05.760765',34,1,29),(1431,'2024-04-16 14:51:07.720842',50000,'A-20','2025-02-18 21:51:05.760765',37,1,29),(1432,'2024-04-16 14:51:07.722348',50000,'A-19','2025-02-25 21:51:05.760765',40,1,29),(1433,'2024-04-16 14:51:07.723355',50000,'A-18','2025-02-25 21:51:05.760765',98,1,29),(1434,'2024-04-16 14:51:07.724353',50000,'A-17','2025-02-04 21:51:05.760765',11,1,29),(1435,'2024-04-16 14:51:07.725353',50000,'A-16','2025-02-18 21:51:05.760765',55,1,29),(1436,'2024-04-16 14:51:07.726361',50000,'A-15','2025-02-18 21:51:05.760765',94,1,29),(1437,'2024-04-16 14:51:07.727367',50000,'A-14','2025-02-25 21:51:05.760765',94,1,29),(1438,'2024-04-16 14:51:07.729367',50000,'A-13','2025-02-11 21:51:05.760765',86,1,29),(1439,'2024-04-16 14:51:07.730366',50000,'A-12','2025-02-11 21:51:05.760765',30,1,29),(1440,'2024-04-16 14:51:07.731366',50000,'A-11','2025-02-18 21:51:05.760765',52,1,29),(1441,'2024-04-16 14:51:07.733425',50000,'A-10','2025-02-04 21:51:05.760765',40,1,29),(1442,'2024-04-16 14:51:07.734425',50000,'A-9','2025-02-04 21:51:05.760765',79,1,29),(1443,'2024-04-16 14:51:07.735425',50000,'A-8','2025-02-11 21:51:05.760765',94,1,29),(1444,'2024-04-16 14:51:07.736424',50000,'A-7','2025-02-18 21:51:05.760765',49,1,29),(1445,'2024-04-16 14:51:07.737425',50000,'A-6','2025-02-04 21:51:05.760765',95,1,29),(1446,'2024-04-16 14:51:07.739425',50000,'A-5','2025-02-11 21:51:05.760765',95,1,29),(1447,'2024-04-16 14:51:07.740438',50000,'A-4','2025-02-25 21:51:05.760765',2,1,29),(1448,'2024-04-16 14:51:07.741426',50000,'A-3','2025-02-25 21:51:05.760765',8,1,29),(1449,'2024-04-16 14:51:07.742425',50000,'A-2','2025-02-25 21:51:05.760765',2,1,29),(1450,'2024-04-16 14:51:07.743516',50000,'A-1','2025-02-18 21:51:05.760765',8,1,29),(1451,'2024-04-16 14:51:07.745515',100000,'A-50','2024-08-06 21:51:05.762764',94,1,30),(1452,'2024-04-16 14:51:07.746515',100000,'A-49','2024-08-06 21:51:05.762764',87,1,30),(1453,'2024-04-16 14:51:07.748515',100000,'A-48','2024-08-13 21:51:05.762764',39,1,30),(1454,'2024-04-16 14:51:07.749527',100000,'A-47','2024-07-30 21:51:05.762764',76,1,30),(1455,'2024-04-16 14:51:07.750515',100000,'A-46','2024-08-06 21:51:05.762764',75,1,30),(1456,'2024-04-16 14:51:07.751515',100000,'A-45','2024-07-30 21:51:05.762764',11,1,30),(1457,'2024-04-16 14:51:07.752516',100000,'A-44','2024-08-13 21:51:05.762764',42,1,30),(1458,'2024-04-16 14:51:07.753621',100000,'A-43','2024-08-13 21:51:05.762764',39,1,30),(1459,'2024-04-16 14:51:07.754623',100000,'A-42','2024-08-20 21:51:05.762764',53,1,30),(1460,'2024-04-16 14:51:07.756633',100000,'A-41','2024-08-13 21:51:05.762764',63,1,30),(1461,'2024-04-16 14:51:07.757622',100000,'A-40','2024-08-20 21:51:05.762764',37,1,30),(1462,'2024-04-16 14:51:07.758621',100000,'A-39','2024-07-30 21:51:05.762764',30,1,30),(1463,'2024-04-16 14:51:07.759622',100000,'A-38','2024-07-30 21:51:05.762764',98,1,30),(1464,'2024-04-16 14:51:07.760621',100000,'A-37','2024-08-13 21:51:05.762764',50,1,30),(1465,'2024-04-16 14:51:07.762620',100000,'A-36','2024-08-06 21:51:05.762764',2,1,30),(1466,'2024-04-16 14:51:07.762620',100000,'A-35','2024-08-13 21:51:05.762764',27,1,30),(1467,'2024-04-16 14:51:07.764876',100000,'A-34','2024-08-20 21:51:05.762764',95,1,30),(1468,'2024-04-16 14:51:07.765875',100000,'A-33','2024-07-30 21:51:05.762764',76,1,30),(1469,'2024-04-16 14:51:07.766876',100000,'A-32','2024-08-20 21:51:05.762764',96,1,30),(1470,'2024-04-16 14:51:07.767878',100000,'A-31','2024-08-13 21:51:05.762764',63,1,30),(1471,'2024-04-16 14:51:07.768877',100000,'A-30','2024-08-06 21:51:05.762764',72,1,30),(1472,'2024-04-16 14:51:07.770876',100000,'A-29','2024-08-06 21:51:05.762764',96,1,30),(1473,'2024-04-16 14:51:07.772396',100000,'A-28','2024-08-13 21:51:05.762764',39,1,30),(1474,'2024-04-16 14:51:07.773425',100000,'A-27','2024-08-06 21:51:05.762764',2,1,30),(1475,'2024-04-16 14:51:07.775402',100000,'A-26','2024-07-30 21:51:05.762764',76,1,30),(1476,'2024-04-16 14:51:07.776441',100000,'A-25','2024-08-06 21:51:05.762764',84,1,30),(1477,'2024-04-16 14:51:07.777463',100000,'A-24','2024-07-30 21:51:05.762764',63,1,30),(1478,'2024-04-16 14:51:07.778480',100000,'A-23','2024-07-30 21:51:05.762764',94,1,30),(1479,'2024-04-16 14:51:07.779544',100000,'A-22','2024-08-13 21:51:05.762764',59,1,30),(1480,'2024-04-16 14:51:07.780535',100000,'A-21','2024-08-06 21:51:05.762764',79,1,30),(1481,'2024-04-16 14:51:07.781492',100000,'A-20','2024-07-30 21:51:05.762764',2,1,30),(1482,'2024-04-16 14:51:07.782492',100000,'A-19','2024-08-13 21:51:05.762764',72,1,30),(1483,'2024-04-16 14:51:07.783675',100000,'A-18','2024-08-06 21:51:05.762764',34,1,30),(1484,'2024-04-16 14:51:07.784681',100000,'A-17','2024-08-13 21:51:05.762764',86,1,30),(1485,'2024-04-16 14:51:07.785682',100000,'A-16','2024-08-20 21:51:05.762764',42,1,30),(1486,'2024-04-16 14:51:07.787681',100000,'A-15','2024-07-30 21:51:05.762764',84,1,30),(1487,'2024-04-16 14:51:07.788682',100000,'A-14','2024-08-06 21:51:05.762764',84,1,30),(1488,'2024-04-16 14:51:07.789681',100000,'A-13','2024-07-30 21:51:05.762764',76,1,30),(1489,'2024-04-16 14:51:07.790681',100000,'A-12','2024-08-13 21:51:05.762764',37,1,30),(1490,'2024-04-16 14:51:07.791681',100000,'A-11','2024-08-06 21:51:05.762764',42,1,30),(1491,'2024-04-16 14:51:07.792681',100000,'A-10','2024-08-13 21:51:05.762764',84,1,30),(1492,'2024-04-16 14:51:07.794792',100000,'A-9','2024-08-06 21:51:05.762764',86,1,30),(1493,'2024-04-16 14:51:07.795798',100000,'A-8','2024-07-30 21:51:05.762764',30,1,30),(1494,'2024-04-16 14:51:07.796793',100000,'A-7','2024-08-06 21:51:05.762764',50,1,30),(1495,'2024-04-16 14:51:07.797792',100000,'A-6','2024-08-20 21:51:05.762764',94,1,30),(1496,'2024-04-16 14:51:07.799792',100000,'A-5','2024-08-13 21:51:05.762764',55,1,30),(1497,'2024-04-16 14:51:07.800792',100000,'A-4','2024-08-20 21:51:05.762764',76,1,30),(1498,'2024-04-16 14:51:07.801792',100000,'A-3','2024-08-06 21:51:05.762764',27,1,30),(1499,'2024-04-16 14:51:07.802793',100000,'A-2','2024-07-30 21:51:05.762764',79,1,30),(1500,'2024-04-16 14:51:07.803852',100000,'A-1','2024-08-13 21:51:05.762764',37,1,30),(1501,'2024-04-16 14:51:07.805854',70000,'A-50','2025-01-28 21:51:05.764280',95,1,31),(1502,'2024-04-16 14:51:07.806853',70000,'A-49','2025-01-28 21:51:05.764280',52,1,31),(1503,'2024-04-16 14:51:07.808853',70000,'A-48','2025-02-04 21:51:05.764280',80,1,31),(1504,'2024-04-16 14:51:07.809852',70000,'A-47','2025-02-04 21:51:05.764280',96,1,31),(1505,'2024-04-16 14:51:07.810855',70000,'A-46','2025-01-14 21:51:05.764280',27,1,31),(1506,'2024-04-16 14:51:07.812361',70000,'A-45','2025-01-21 21:51:05.764280',86,1,31),(1507,'2024-04-16 14:51:07.814375',70000,'A-44','2025-02-04 21:51:05.764280',96,1,31),(1508,'2024-04-16 14:51:07.815367',70000,'A-43','2025-02-04 21:51:05.764280',94,1,31),(1509,'2024-04-16 14:51:07.816371',70000,'A-42','2025-01-21 21:51:05.764280',86,1,31),(1510,'2024-04-16 14:51:07.817370',70000,'A-41','2025-01-14 21:51:05.764280',39,1,31),(1511,'2024-04-16 14:51:07.819366',70000,'A-40','2025-01-14 21:51:05.764280',52,1,31),(1512,'2024-04-16 14:51:07.820366',70000,'A-39','2025-01-14 21:51:05.764280',96,1,31),(1513,'2024-04-16 14:51:07.821366',70000,'A-38','2025-01-14 21:51:05.764280',96,1,31),(1514,'2024-04-16 14:51:07.822366',70000,'A-37','2025-01-14 21:51:05.764280',80,1,31),(1515,'2024-04-16 14:51:07.823406',70000,'A-36','2025-01-28 21:51:05.764280',53,1,31),(1516,'2024-04-16 14:51:07.824407',70000,'A-35','2025-01-28 21:51:05.764280',72,1,31),(1517,'2024-04-16 14:51:07.825395',70000,'A-34','2025-01-28 21:51:05.764280',27,1,31),(1518,'2024-04-16 14:51:07.826406',70000,'A-33','2025-01-14 21:51:05.764280',11,1,31),(1519,'2024-04-16 14:51:07.827418',70000,'A-32','2025-01-14 21:51:05.764280',63,1,31),(1520,'2024-04-16 14:51:07.829412',70000,'A-31','2025-01-14 21:51:05.764280',40,1,31),(1521,'2024-04-16 14:51:07.830458',70000,'A-30','2025-01-14 21:51:05.764280',28,1,31),(1522,'2024-04-16 14:51:07.831418',70000,'A-29','2025-01-28 21:51:05.764280',3,1,31),(1523,'2024-04-16 14:51:07.833568',70000,'A-28','2025-01-14 21:51:05.764280',63,1,31),(1524,'2024-04-16 14:51:07.834575',70000,'A-27','2025-01-21 21:51:05.764280',11,1,31),(1525,'2024-04-16 14:51:07.835574',70000,'A-26','2025-01-21 21:51:05.764280',34,1,31),(1526,'2024-04-16 14:51:07.836574',70000,'A-25','2025-01-21 21:51:05.764280',55,1,31),(1527,'2024-04-16 14:51:07.838574',70000,'A-24','2025-01-28 21:51:05.764280',87,1,31),(1528,'2024-04-16 14:51:07.839573',70000,'A-23','2025-02-04 21:51:05.764280',27,1,31),(1529,'2024-04-16 14:51:07.840579',70000,'A-22','2025-01-14 21:51:05.764280',27,1,31),(1530,'2024-04-16 14:51:07.841585',70000,'A-21','2025-02-04 21:51:05.764280',40,1,31),(1531,'2024-04-16 14:51:07.842585',70000,'A-20','2025-01-28 21:51:05.764280',79,1,31),(1532,'2024-04-16 14:51:07.843607',70000,'A-19','2025-02-04 21:51:05.764280',48,1,31),(1533,'2024-04-16 14:51:07.844606',70000,'A-18','2025-01-28 21:51:05.764280',79,1,31),(1534,'2024-04-16 14:51:07.845634',70000,'A-17','2025-01-21 21:51:05.764280',98,1,31),(1535,'2024-04-16 14:51:07.846607',70000,'A-16','2025-02-04 21:51:05.764280',87,1,31),(1536,'2024-04-16 14:51:07.847605',70000,'A-15','2025-02-04 21:51:05.764280',2,1,31),(1537,'2024-04-16 14:51:07.849606',70000,'A-14','2025-01-14 21:51:05.764280',30,1,31),(1538,'2024-04-16 14:51:07.850606',70000,'A-13','2025-01-28 21:51:05.764280',3,1,31),(1539,'2024-04-16 14:51:07.851606',70000,'A-12','2025-01-28 21:51:05.764280',75,1,31),(1540,'2024-04-16 14:51:07.852606',70000,'A-11','2025-01-14 21:51:05.764280',50,1,31),(1541,'2024-04-16 14:51:07.853654',70000,'A-10','2025-01-21 21:51:05.764280',49,1,31),(1542,'2024-04-16 14:51:07.855654',70000,'A-9','2025-01-28 21:51:05.764280',87,1,31),(1543,'2024-04-16 14:51:07.856654',70000,'A-8','2025-01-14 21:51:05.764280',76,1,31),(1544,'2024-04-16 14:51:07.857655',70000,'A-7','2025-01-28 21:51:05.764280',39,1,31),(1545,'2024-04-16 14:51:07.858665',70000,'A-6','2025-01-28 21:51:05.764280',40,1,31),(1546,'2024-04-16 14:51:07.859654',70000,'A-5','2025-02-04 21:51:05.764280',52,1,31),(1547,'2024-04-16 14:51:07.860660',70000,'A-4','2025-01-28 21:51:05.764280',98,1,31),(1548,'2024-04-16 14:51:07.861666',70000,'A-3','2025-01-28 21:51:05.764280',28,1,31),(1549,'2024-04-16 14:51:07.862666',70000,'A-2','2025-01-28 21:51:05.764280',76,1,31),(1550,'2024-04-16 14:51:07.863754',70000,'A-1','2025-01-28 21:51:05.764280',63,1,31),(1551,'2024-04-16 14:51:07.865753',100000,'A-50','2024-09-03 21:51:05.766278',49,1,32),(1552,'2024-04-16 14:51:07.866754',100000,'A-49','2024-09-24 21:51:05.766278',87,1,32),(1553,'2024-04-16 14:51:07.872822',100000,'A-48','2024-09-24 21:51:05.766278',28,1,32),(1554,'2024-04-16 14:51:07.874843',100000,'A-47','2024-09-03 21:51:05.766278',34,1,32),(1555,'2024-04-16 14:51:07.876841',100000,'A-46','2024-09-24 21:51:05.766278',55,1,32),(1556,'2024-04-16 14:51:07.878841',100000,'A-45','2024-09-10 21:51:05.766278',55,1,32),(1557,'2024-04-16 14:51:07.880841',100000,'A-44','2024-09-17 21:51:05.766278',98,1,32),(1558,'2024-04-16 14:51:07.883355',100000,'A-43','2024-09-10 21:51:05.766278',11,1,32),(1559,'2024-04-16 14:51:07.884355',100000,'A-42','2024-09-24 21:51:05.766278',40,1,32),(1560,'2024-04-16 14:51:07.885360',100000,'A-41','2024-09-17 21:51:05.766278',2,1,32),(1561,'2024-04-16 14:51:07.887366',100000,'A-40','2024-09-17 21:51:05.766278',8,1,32),(1562,'2024-04-16 14:51:07.888425',100000,'A-39','2024-09-03 21:51:05.766278',2,1,32),(1563,'2024-04-16 14:51:07.890432',100000,'A-38','2024-09-03 21:51:05.766278',27,1,32),(1564,'2024-04-16 14:51:07.891448',100000,'A-37','2024-09-17 21:51:05.766278',40,1,32),(1565,'2024-04-16 14:51:07.893496',100000,'A-36','2024-09-03 21:51:05.766278',63,1,32),(1566,'2024-04-16 14:51:07.895497',100000,'A-35','2024-09-10 21:51:05.766278',75,1,32),(1567,'2024-04-16 14:51:07.896508',100000,'A-34','2024-09-17 21:51:05.766278',39,1,32),(1568,'2024-04-16 14:51:07.897497',100000,'A-33','2024-09-17 21:51:05.766278',96,1,32),(1569,'2024-04-16 14:51:07.898503',100000,'A-32','2024-09-03 21:51:05.766278',50,1,32),(1570,'2024-04-16 14:51:07.899509',100000,'A-31','2024-09-17 21:51:05.766278',8,1,32),(1571,'2024-04-16 14:51:07.900508',100000,'A-30','2024-09-10 21:51:05.766278',59,1,32),(1572,'2024-04-16 14:51:07.901508',100000,'A-29','2024-09-24 21:51:05.766278',27,1,32),(1573,'2024-04-16 14:51:07.902510',100000,'A-28','2024-09-24 21:51:05.766278',49,1,32),(1574,'2024-04-16 14:51:07.904537',100000,'A-27','2024-09-10 21:51:05.766278',94,1,32),(1575,'2024-04-16 14:51:07.905536',100000,'A-26','2024-09-03 21:51:05.766278',27,1,32),(1576,'2024-04-16 14:51:07.906536',100000,'A-25','2024-09-03 21:51:05.766278',8,1,32),(1577,'2024-04-16 14:51:07.907543',100000,'A-24','2024-09-17 21:51:05.766278',39,1,32),(1578,'2024-04-16 14:51:07.908549',100000,'A-23','2024-09-24 21:51:05.766278',96,1,32),(1579,'2024-04-16 14:51:07.910550',100000,'A-22','2024-09-17 21:51:05.766278',34,1,32),(1580,'2024-04-16 14:51:07.911549',100000,'A-21','2024-09-24 21:51:05.766278',2,1,32),(1581,'2024-04-16 14:51:07.912550',100000,'A-20','2024-09-03 21:51:05.766278',79,1,32),(1582,'2024-04-16 14:51:07.914063',100000,'A-19','2024-09-03 21:51:05.766278',76,1,32),(1583,'2024-04-16 14:51:07.915073',100000,'A-18','2024-09-24 21:51:05.766278',8,1,32),(1584,'2024-04-16 14:51:07.916074',100000,'A-17','2024-09-10 21:51:05.766278',30,1,32),(1585,'2024-04-16 14:51:07.917062',100000,'A-16','2024-09-10 21:51:05.766278',50,1,32),(1586,'2024-04-16 14:51:07.918062',100000,'A-15','2024-09-24 21:51:05.766278',98,1,32),(1587,'2024-04-16 14:51:07.919062',100000,'A-14','2024-09-10 21:51:05.766278',30,1,32),(1588,'2024-04-16 14:51:07.920063',100000,'A-13','2024-09-17 21:51:05.766278',48,1,32),(1589,'2024-04-16 14:51:07.921069',100000,'A-12','2024-09-10 21:51:05.766278',40,1,32),(1590,'2024-04-16 14:51:07.922574',100000,'A-11','2024-09-10 21:51:05.766278',86,1,32),(1591,'2024-04-16 14:51:07.923581',100000,'A-10','2024-09-17 21:51:05.766278',49,1,32),(1592,'2024-04-16 14:51:07.924579',100000,'A-9','2024-09-24 21:51:05.766278',95,1,32),(1593,'2024-04-16 14:51:07.925592',100000,'A-8','2024-09-17 21:51:05.766278',53,1,32),(1594,'2024-04-16 14:51:07.926605',100000,'A-7','2024-09-17 21:51:05.766278',53,1,32),(1595,'2024-04-16 14:51:07.928597',100000,'A-6','2024-09-03 21:51:05.766278',84,1,32),(1596,'2024-04-16 14:51:07.929597',100000,'A-5','2024-09-24 21:51:05.766278',28,1,32),(1597,'2024-04-16 14:51:07.930642',100000,'A-4','2024-09-17 21:51:05.766278',27,1,32),(1598,'2024-04-16 14:51:07.931603',100000,'A-3','2024-09-03 21:51:05.766278',42,1,32),(1599,'2024-04-16 14:51:07.932604',100000,'A-2','2024-09-10 21:51:05.766278',48,1,32),(1600,'2024-04-16 14:51:07.933668',100000,'A-1','2024-09-17 21:51:05.766278',2,1,32),(1601,'2024-04-16 14:51:07.936659',90000,'A-50','2024-08-20 21:51:05.767282',34,1,33),(1602,'2024-04-16 14:51:07.937667',90000,'A-49','2024-08-06 21:51:05.767282',95,1,33),(1603,'2024-04-16 14:51:07.938668',90000,'A-48','2024-08-27 21:51:05.767282',2,1,33),(1604,'2024-04-16 14:51:07.940668',90000,'A-47','2024-08-13 21:51:05.767282',49,1,33),(1605,'2024-04-16 14:51:07.941667',90000,'A-46','2024-08-13 21:51:05.767282',11,1,33),(1606,'2024-04-16 14:51:07.942660',90000,'A-45','2024-08-27 21:51:05.767282',53,1,33),(1607,'2024-04-16 14:51:07.944773',90000,'A-44','2024-08-06 21:51:05.767282',3,1,33),(1608,'2024-04-16 14:51:07.945772',90000,'A-43','2024-08-13 21:51:05.767282',80,1,33),(1609,'2024-04-16 14:51:07.946773',90000,'A-42','2024-08-20 21:51:05.767282',52,1,33),(1610,'2024-04-16 14:51:07.948772',90000,'A-41','2024-08-06 21:51:05.767282',86,1,33),(1611,'2024-04-16 14:51:07.949772',90000,'A-40','2024-08-27 21:51:05.767282',84,1,33),(1612,'2024-04-16 14:51:07.950766',90000,'A-39','2024-08-20 21:51:05.767282',40,1,33),(1613,'2024-04-16 14:51:07.952766',90000,'A-38','2024-08-27 21:51:05.767282',63,1,33),(1614,'2024-04-16 14:51:07.953280',90000,'A-37','2024-08-06 21:51:05.767282',55,1,33),(1615,'2024-04-16 14:51:07.955293',90000,'A-36','2024-08-27 21:51:05.767282',98,1,33),(1616,'2024-04-16 14:51:07.956295',90000,'A-35','2024-08-13 21:51:05.767282',48,1,33),(1617,'2024-04-16 14:51:07.958299',90000,'A-34','2024-08-06 21:51:05.767282',52,1,33),(1618,'2024-04-16 14:51:07.959342',90000,'A-33','2024-08-27 21:51:05.767282',40,1,33),(1619,'2024-04-16 14:51:07.961348',90000,'A-32','2024-08-20 21:51:05.767282',3,1,33),(1620,'2024-04-16 14:51:07.962348',90000,'A-31','2024-08-27 21:51:05.767282',59,1,33),(1621,'2024-04-16 14:51:07.963839',90000,'A-30','2024-08-13 21:51:05.767282',8,1,33),(1622,'2024-04-16 14:51:07.964852',90000,'A-29','2024-08-13 21:51:05.767282',79,1,33),(1623,'2024-04-16 14:51:07.965839',90000,'A-28','2024-08-06 21:51:05.767282',96,1,33),(1624,'2024-04-16 14:51:07.966847',90000,'A-27','2024-08-27 21:51:05.767282',39,1,33),(1625,'2024-04-16 14:51:07.967838',90000,'A-26','2024-08-06 21:51:05.767282',40,1,33),(1626,'2024-04-16 14:51:07.969838',90000,'A-25','2024-08-06 21:51:05.767282',95,1,33),(1627,'2024-04-16 14:51:07.970840',90000,'A-24','2024-08-06 21:51:05.767282',63,1,33),(1628,'2024-04-16 14:51:07.970840',90000,'A-23','2024-08-13 21:51:05.767282',52,1,33),(1629,'2024-04-16 14:51:07.973352',90000,'A-22','2024-08-13 21:51:05.767282',39,1,33),(1630,'2024-04-16 14:51:07.975353',90000,'A-21','2024-08-13 21:51:05.767282',8,1,33),(1631,'2024-04-16 14:51:07.976352',90000,'A-20','2024-08-13 21:51:05.767282',95,1,33),(1632,'2024-04-16 14:51:07.977630',90000,'A-19','2024-08-13 21:51:05.767282',52,1,33),(1633,'2024-04-16 14:51:07.978636',90000,'A-18','2024-08-20 21:51:05.767282',3,1,33),(1634,'2024-04-16 14:51:07.979635',90000,'A-17','2024-08-27 21:51:05.767282',52,1,33),(1635,'2024-04-16 14:51:07.980636',90000,'A-16','2024-08-13 21:51:05.767282',72,1,33),(1636,'2024-04-16 14:51:07.981635',90000,'A-15','2024-08-06 21:51:05.767282',80,1,33),(1637,'2024-04-16 14:51:07.982636',90000,'A-14','2024-08-06 21:51:05.767282',55,1,33),(1638,'2024-04-16 14:51:07.984675',90000,'A-13','2024-08-27 21:51:05.767282',59,1,33),(1639,'2024-04-16 14:51:07.985693',90000,'A-12','2024-08-20 21:51:05.767282',2,1,33),(1640,'2024-04-16 14:51:07.986675',90000,'A-11','2024-08-27 21:51:05.767282',49,1,33),(1641,'2024-04-16 14:51:07.987688',90000,'A-10','2024-08-27 21:51:05.767282',75,1,33),(1642,'2024-04-16 14:51:07.988703',90000,'A-9','2024-08-13 21:51:05.767282',34,1,33),(1643,'2024-04-16 14:51:07.989701',90000,'A-8','2024-08-20 21:51:05.767282',53,1,33),(1644,'2024-04-16 14:51:07.991693',90000,'A-7','2024-08-20 21:51:05.767282',95,1,33),(1645,'2024-04-16 14:51:07.992694',90000,'A-6','2024-08-27 21:51:05.767282',8,1,33),(1646,'2024-04-16 14:51:07.992694',90000,'A-5','2024-08-06 21:51:05.767282',42,1,33),(1647,'2024-04-16 14:51:07.995158',90000,'A-4','2024-08-27 21:51:05.767282',75,1,33),(1648,'2024-04-16 14:51:07.996158',90000,'A-3','2024-08-13 21:51:05.767282',98,1,33),(1649,'2024-04-16 14:51:07.997158',90000,'A-2','2024-08-13 21:51:05.767282',75,1,33),(1650,'2024-04-16 14:51:07.998158',90000,'A-1','2024-08-13 21:51:05.767282',50,1,33),(1651,'2024-04-16 14:51:08.000158',50000,'A-50','2024-08-20 21:51:05.769278',55,1,34),(1652,'2024-04-16 14:51:08.001164',50000,'A-49','2024-08-20 21:51:05.769278',40,1,34),(1653,'2024-04-16 14:51:08.002687',50000,'A-48','2024-09-10 21:51:05.769278',96,1,34),(1654,'2024-04-16 14:51:08.004699',50000,'A-47','2024-08-20 21:51:05.769278',87,1,34),(1655,'2024-04-16 14:51:08.005701',50000,'A-46','2024-09-03 21:51:05.769278',84,1,34),(1656,'2024-04-16 14:51:08.007697',50000,'A-45','2024-08-27 21:51:05.769278',87,1,34),(1657,'2024-04-16 14:51:08.008699',50000,'A-44','2024-08-20 21:51:05.769278',75,1,34),(1658,'2024-04-16 14:51:08.010700',50000,'A-43','2024-08-20 21:51:05.769278',11,1,34),(1659,'2024-04-16 14:51:08.011699',50000,'A-42','2024-09-10 21:51:05.769278',28,1,34),(1660,'2024-04-16 14:51:08.012694',50000,'A-41','2024-08-27 21:51:05.769278',48,1,34),(1661,'2024-04-16 14:51:08.013740',50000,'A-40','2024-08-27 21:51:05.769278',42,1,34),(1662,'2024-04-16 14:51:08.015739',50000,'A-39','2024-08-20 21:51:05.769278',50,1,34),(1663,'2024-04-16 14:51:08.016739',50000,'A-38','2024-09-03 21:51:05.769278',96,1,34),(1664,'2024-04-16 14:51:08.017746',50000,'A-37','2024-09-03 21:51:05.769278',76,1,34),(1665,'2024-04-16 14:51:08.018978',50000,'A-36','2024-08-27 21:51:05.769278',2,1,34),(1666,'2024-04-16 14:51:08.019983',50000,'A-35','2024-08-20 21:51:05.769278',87,1,34),(1667,'2024-04-16 14:51:08.020984',50000,'A-34','2024-08-20 21:51:05.769278',28,1,34),(1668,'2024-04-16 14:51:08.022488',50000,'A-33','2024-09-10 21:51:05.769278',34,1,34),(1669,'2024-04-16 14:51:08.023493',50000,'A-32','2024-09-10 21:51:05.769278',2,1,34),(1670,'2024-04-16 14:51:08.024532',50000,'A-31','2024-08-20 21:51:05.769278',80,1,34),(1671,'2024-04-16 14:51:08.025493',50000,'A-30','2024-09-10 21:51:05.769278',11,1,34),(1672,'2024-04-16 14:51:08.026505',50000,'A-29','2024-08-27 21:51:05.769278',49,1,34),(1673,'2024-04-16 14:51:08.027494',50000,'A-28','2024-09-10 21:51:05.769278',40,1,34),(1674,'2024-04-16 14:51:08.028494',50000,'A-27','2024-09-10 21:51:05.769278',75,1,34),(1675,'2024-04-16 14:51:08.030493',50000,'A-26','2024-09-03 21:51:05.769278',42,1,34),(1676,'2024-04-16 14:51:08.031493',50000,'A-25','2024-09-10 21:51:05.769278',11,1,34),(1677,'2024-04-16 14:51:08.032495',50000,'A-24','2024-09-03 21:51:05.769278',87,1,34),(1678,'2024-04-16 14:51:08.033615',50000,'A-23','2024-09-10 21:51:05.769278',34,1,34),(1679,'2024-04-16 14:51:08.034615',50000,'A-22','2024-09-10 21:51:05.769278',11,1,34),(1680,'2024-04-16 14:51:08.035615',50000,'A-21','2024-09-10 21:51:05.769278',28,1,34),(1681,'2024-04-16 14:51:08.036617',50000,'A-20','2024-09-10 21:51:05.769278',59,1,34),(1682,'2024-04-16 14:51:08.038615',50000,'A-19','2024-09-10 21:51:05.769278',2,1,34),(1683,'2024-04-16 14:51:08.039621',50000,'A-18','2024-09-03 21:51:05.769278',80,1,34),(1684,'2024-04-16 14:51:08.040644',50000,'A-17','2024-09-10 21:51:05.769278',2,1,34),(1685,'2024-04-16 14:51:08.041627',50000,'A-16','2024-08-27 21:51:05.769278',75,1,34),(1686,'2024-04-16 14:51:08.042626',50000,'A-15','2024-08-20 21:51:05.769278',95,1,34),(1687,'2024-04-16 14:51:08.043721',50000,'A-14','2024-08-20 21:51:05.769278',8,1,34),(1688,'2024-04-16 14:51:08.044722',50000,'A-13','2024-09-10 21:51:05.769278',11,1,34),(1689,'2024-04-16 14:51:08.046735',50000,'A-12','2024-09-03 21:51:05.769278',76,1,34),(1690,'2024-04-16 14:51:08.047734',50000,'A-11','2024-09-10 21:51:05.769278',52,1,34),(1691,'2024-04-16 14:51:08.048721',50000,'A-10','2024-09-10 21:51:05.769278',50,1,34),(1692,'2024-04-16 14:51:08.049723',50000,'A-9','2024-08-27 21:51:05.769278',79,1,34),(1693,'2024-04-16 14:51:08.050723',50000,'A-8','2024-09-10 21:51:05.769278',34,1,34),(1694,'2024-04-16 14:51:08.051723',50000,'A-7','2024-09-03 21:51:05.769278',86,1,34),(1695,'2024-04-16 14:51:08.052722',50000,'A-6','2024-08-20 21:51:05.769278',94,1,34),(1696,'2024-04-16 14:51:08.054743',50000,'A-5','2024-09-10 21:51:05.769278',8,1,34),(1697,'2024-04-16 14:51:08.055743',50000,'A-4','2024-08-27 21:51:05.769278',50,1,34),(1698,'2024-04-16 14:51:08.056762',50000,'A-3','2024-08-27 21:51:05.769278',50,1,34),(1699,'2024-04-16 14:51:08.057743',50000,'A-2','2024-08-27 21:51:05.769278',49,1,34),(1700,'2024-04-16 14:51:08.058749',50000,'A-1','2024-08-20 21:51:05.769278',39,1,34),(1701,'2024-04-16 14:51:08.061766',60000,'A-50','2024-09-17 21:51:05.770784',11,1,35),(1702,'2024-04-16 14:51:08.062780',60000,'A-49','2024-09-17 21:51:05.770784',52,1,35),(1703,'2024-04-16 14:51:08.063874',60000,'A-48','2024-09-17 21:51:05.770784',8,1,35),(1704,'2024-04-16 14:51:08.065873',60000,'A-47','2024-09-10 21:51:05.770784',72,1,35),(1705,'2024-04-16 14:51:08.066873',60000,'A-46','2024-09-03 21:51:05.770784',49,1,35),(1706,'2024-04-16 14:51:08.067873',60000,'A-45','2024-09-10 21:51:05.770784',53,1,35),(1707,'2024-04-16 14:51:08.068873',60000,'A-44','2024-09-17 21:51:05.770784',84,1,35),(1708,'2024-04-16 14:51:08.069873',60000,'A-43','2024-09-17 21:51:05.770784',84,1,35),(1709,'2024-04-16 14:51:08.070873',60000,'A-42','2024-08-27 21:51:05.770784',53,1,35),(1710,'2024-04-16 14:51:08.072381',60000,'A-41','2024-08-27 21:51:05.770784',3,1,35),(1711,'2024-04-16 14:51:08.074387',60000,'A-40','2024-09-17 21:51:05.770784',55,1,35),(1712,'2024-04-16 14:51:08.075388',60000,'A-39','2024-09-03 21:51:05.770784',84,1,35),(1713,'2024-04-16 14:51:08.076387',60000,'A-38','2024-08-27 21:51:05.770784',37,1,35),(1714,'2024-04-16 14:51:08.078387',60000,'A-37','2024-08-27 21:51:05.770784',39,1,35),(1715,'2024-04-16 14:51:08.079387',60000,'A-36','2024-09-03 21:51:05.770784',30,1,35),(1716,'2024-04-16 14:51:08.080388',60000,'A-35','2024-08-27 21:51:05.770784',84,1,35),(1717,'2024-04-16 14:51:08.081387',60000,'A-34','2024-08-27 21:51:05.770784',34,1,35),(1718,'2024-04-16 14:51:08.082390',60000,'A-33','2024-09-03 21:51:05.770784',3,1,35),(1719,'2024-04-16 14:51:08.084455',60000,'A-32','2024-09-03 21:51:05.770784',34,1,35),(1720,'2024-04-16 14:51:08.085455',60000,'A-31','2024-09-10 21:51:05.770784',84,1,35),(1721,'2024-04-16 14:51:08.086455',60000,'A-30','2024-09-10 21:51:05.770784',3,1,35),(1722,'2024-04-16 14:51:08.087458',60000,'A-29','2024-08-27 21:51:05.770784',86,1,35),(1723,'2024-04-16 14:51:08.088457',60000,'A-28','2024-09-17 21:51:05.770784',48,1,35),(1724,'2024-04-16 14:51:08.090455',60000,'A-27','2024-09-17 21:51:05.770784',28,1,35),(1725,'2024-04-16 14:51:08.091466',60000,'A-26','2024-09-10 21:51:05.770784',98,1,35),(1726,'2024-04-16 14:51:08.092495',60000,'A-25','2024-09-03 21:51:05.770784',96,1,35),(1727,'2024-04-16 14:51:08.093522',60000,'A-24','2024-08-27 21:51:05.770784',37,1,35),(1728,'2024-04-16 14:51:08.094519',60000,'A-23','2024-09-17 21:51:05.770784',72,1,35),(1729,'2024-04-16 14:51:08.095527',60000,'A-22','2024-09-17 21:51:05.770784',94,1,35),(1730,'2024-04-16 14:51:08.096539',60000,'A-21','2024-08-27 21:51:05.770784',79,1,35),(1731,'2024-04-16 14:51:08.097551',60000,'A-20','2024-09-17 21:51:05.770784',95,1,35),(1732,'2024-04-16 14:51:08.098563',60000,'A-19','2024-08-27 21:51:05.770784',59,1,35),(1733,'2024-04-16 14:51:08.099570',60000,'A-18','2024-09-03 21:51:05.770784',86,1,35),(1734,'2024-04-16 14:51:08.100570',60000,'A-17','2024-09-17 21:51:05.770784',79,1,35),(1735,'2024-04-16 14:51:08.102569',60000,'A-16','2024-09-10 21:51:05.770784',42,1,35),(1736,'2024-04-16 14:51:08.103596',60000,'A-15','2024-08-27 21:51:05.770784',63,1,35),(1737,'2024-04-16 14:51:08.104595',60000,'A-14','2024-09-17 21:51:05.770784',49,1,35),(1738,'2024-04-16 14:51:08.105595',60000,'A-13','2024-09-10 21:51:05.770784',86,1,35),(1739,'2024-04-16 14:51:08.106595',60000,'A-12','2024-09-17 21:51:05.770784',27,1,35),(1740,'2024-04-16 14:51:08.107596',60000,'A-11','2024-09-10 21:51:05.770784',94,1,35),(1741,'2024-04-16 14:51:08.109594',60000,'A-10','2024-09-17 21:51:05.770784',63,1,35),(1742,'2024-04-16 14:51:08.110608',60000,'A-9','2024-09-10 21:51:05.770784',8,1,35),(1743,'2024-04-16 14:51:08.111595',60000,'A-8','2024-09-17 21:51:05.770784',98,1,35),(1744,'2024-04-16 14:51:08.112595',60000,'A-7','2024-09-03 21:51:05.770784',11,1,35),(1745,'2024-04-16 14:51:08.113632',60000,'A-6','2024-09-03 21:51:05.770784',87,1,35),(1746,'2024-04-16 14:51:08.114632',60000,'A-5','2024-09-17 21:51:05.770784',55,1,35),(1747,'2024-04-16 14:51:08.115634',60000,'A-4','2024-09-10 21:51:05.770784',95,1,35),(1748,'2024-04-16 14:51:08.117631',60000,'A-3','2024-08-27 21:51:05.770784',55,1,35),(1749,'2024-04-16 14:51:08.118646',60000,'A-2','2024-09-17 21:51:05.770784',28,1,35),(1750,'2024-04-16 14:51:08.123154',60000,'A-1','2024-08-27 21:51:05.770784',27,1,35);
/*!40000 ALTER TABLE `bus_station_ticket` ENABLE KEYS */;
UNLOCK TABLES;

--
-- Table structure for table `bus_station_transportationcompany`
--

DROP TABLE IF EXISTS `bus_station_transportationcompany`;
/*!40101 SET @saved_cs_client     = @@character_set_client */;
/*!50503 SET character_set_client = utf8mb4 */;
CREATE TABLE `bus_station_transportationcompany` (
  `id` bigint NOT NULL AUTO_INCREMENT,
  `name` varchar(255) COLLATE utf8mb4_unicode_ci NOT NULL,
  `avatar` varchar(255) COLLATE utf8mb4_unicode_ci NOT NULL,
  `phone` varchar(50) COLLATE utf8mb4_unicode_ci NOT NULL,
  `is_verified` tinyint(1) NOT NULL,
  `is_active` tinyint(1) NOT NULL,
  `email` varchar(254) COLLATE utf8mb4_unicode_ci NOT NULL,
  `is_cargo_transport` tinyint(1) NOT NULL,
  `created_at` datetime(6) NOT NULL,
  `manager_id` bigint NOT NULL,
  PRIMARY KEY (`id`),
  UNIQUE KEY `name` (`name`),
  UNIQUE KEY `email` (`email`),
  UNIQUE KEY `manager_id` (`manager_id`),
  CONSTRAINT `bus_station_transpor_manager_id_235ba7ea_fk_bus_stati` FOREIGN KEY (`manager_id`) REFERENCES `bus_station_user` (`id`)
) ENGINE=InnoDB AUTO_INCREMENT=36 DEFAULT CHARSET=utf8mb4 COLLATE=utf8mb4_unicode_ci;
/*!40101 SET character_set_client = @saved_cs_client */;

--
-- Dumping data for table `bus_station_transportationcompany`
--

LOCK TABLES `bus_station_transportationcompany` WRITE;
/*!40000 ALTER TABLE `bus_station_transportationcompany` DISABLE KEYS */;
INSERT INTO `bus_station_transportationcompany` VALUES (1,'Bruce Bruce','https://cdn.dribbble.com/users/3367729/screenshots/6393911/db_minon.jpg?resize=400x300&vertical=center','4975680853',1,1,'paige00@gmail.com',1,'2024-04-16 14:51:05.610692',1),(2,'Joshua Williams','https://cdn.dribbble.com/users/3367729/screenshots/6393911/db_minon.jpg?resize=400x300&vertical=center','6757276262',1,1,'khanmelvin@gmail.com',1,'2024-04-16 14:51:05.612692',7),(3,'Maria Keith','https://cdn.dribbble.com/users/3367729/screenshots/6393911/db_minon.jpg?resize=400x300&vertical=center','(394)233-2770x55131',1,1,'jonathansmith@gmail.com',1,'2024-04-16 14:51:05.614043',9),(4,'Brian English','https://cdn.dribbble.com/users/3367729/screenshots/6393911/db_minon.jpg?resize=400x300&vertical=center','663.913.7180',1,1,'christine57@gmail.com',1,'2024-04-16 14:51:05.619055',12),(5,'Melissa Schultz','https://cdn.dribbble.com/users/3367729/screenshots/6393911/db_minon.jpg?resize=400x300&vertical=center','910.871.1685x73691',1,1,'bettygeorge@gmail.com',1,'2024-04-16 14:51:05.622563',13),(6,'Dustin Cook','https://cdn.dribbble.com/users/3367729/screenshots/6393911/db_minon.jpg?resize=400x300&vertical=center','(762)930-0802',1,1,'deanfelicia@gmail.com',1,'2024-04-16 14:51:05.625596',14),(7,'Alexandra Collins','https://cdn.dribbble.com/users/3367729/screenshots/6393911/db_minon.jpg?resize=400x300&vertical=center','+1-498-804-9885',1,1,'ypatterson@gmail.com',1,'2024-04-16 14:51:05.628625',15),(8,'Frank Palmer','https://cdn.dribbble.com/users/3367729/screenshots/6393911/db_minon.jpg?resize=400x300&vertical=center','384-922-3002',1,1,'vgarcia@gmail.com',1,'2024-04-16 14:51:05.630594',18),(9,'Tom Chen','https://cdn.dribbble.com/users/3367729/screenshots/6393911/db_minon.jpg?resize=400x300&vertical=center','464.465.9345x82808',1,1,'michaelgutierrez@gmail.com',1,'2024-04-16 14:51:05.632620',20),(10,'Anthony Sawyer','https://cdn.dribbble.com/users/3367729/screenshots/6393911/db_minon.jpg?resize=400x300&vertical=center','504.804.9492x99435',1,1,'austin48@gmail.com',1,'2024-04-16 14:51:05.635826',21),(11,'Benjamin Robinson','https://cdn.dribbble.com/users/3367729/screenshots/6393911/db_minon.jpg?resize=400x300&vertical=center','338-569-8933x7276',1,1,'woodsrachel@gmail.com',1,'2024-04-16 14:51:05.637791',25),(12,'Jake Lewis','https://cdn.dribbble.com/users/3367729/screenshots/6393911/db_minon.jpg?resize=400x300&vertical=center','667-320-9878x3952',1,1,'johnsondebra@gmail.com',1,'2024-04-16 14:51:05.638836',26),(13,'Kyle Esparza','https://cdn.dribbble.com/users/3367729/screenshots/6393911/db_minon.jpg?resize=400x300&vertical=center','9217270727',1,1,'annetteparsons@gmail.com',1,'2024-04-16 14:51:05.640853',32),(14,'Anna Hansen','https://cdn.dribbble.com/users/3367729/screenshots/6393911/db_minon.jpg?resize=400x300&vertical=center','(662)608-7221',1,1,'stevenjensen@gmail.com',1,'2024-04-16 14:51:05.643380',44),(15,'Nicholas Coleman','https://cdn.dribbble.com/users/3367729/screenshots/6393911/db_minon.jpg?resize=400x300&vertical=center','+1-210-984-4909x7891',1,1,'pcuevas@gmail.com',1,'2024-04-16 14:51:05.645372',51),(16,'Nancy Lucas','https://cdn.dribbble.com/users/3367729/screenshots/6393911/db_minon.jpg?resize=400x300&vertical=center','+1-541-823-6854x1888',1,1,'kathleen31@gmail.com',1,'2024-04-16 14:51:05.646372',54),(17,'Heather Reynolds','https://cdn.dribbble.com/users/3367729/screenshots/6393911/db_minon.jpg?resize=400x300&vertical=center','7605451443',1,1,'moyerjennifer@gmail.com',1,'2024-04-16 14:51:05.647365',56),(18,'Leslie Vaughan','https://cdn.dribbble.com/users/3367729/screenshots/6393911/db_minon.jpg?resize=400x300&vertical=center','399.760.1370x194',1,1,'reyespatricia@gmail.com',1,'2024-04-16 14:51:05.649367',57),(19,'Carolyn Martin','https://cdn.dribbble.com/users/3367729/screenshots/6393911/db_minon.jpg?resize=400x300&vertical=center','+1-382-631-7953',1,1,'robert48@gmail.com',1,'2024-04-16 14:51:05.650374',58),(20,'James Smith','https://cdn.dribbble.com/users/3367729/screenshots/6393911/db_minon.jpg?resize=400x300&vertical=center','643-592-1860x524',1,1,'ccampbell@gmail.com',1,'2024-04-16 14:51:05.651366',60),(21,'Joseph Hopkins','https://cdn.dribbble.com/users/3367729/screenshots/6393911/db_minon.jpg?resize=400x300&vertical=center','(740)253-5518',1,1,'angelawhite@gmail.com',1,'2024-04-16 14:51:05.652371',61),(22,'Samuel Collins','https://cdn.dribbble.com/users/3367729/screenshots/6393911/db_minon.jpg?resize=400x300&vertical=center','876-933-2864',1,1,'gscott@gmail.com',1,'2024-04-16 14:51:05.654544',69),(23,'Alex Evans','https://cdn.dribbble.com/users/3367729/screenshots/6393911/db_minon.jpg?resize=400x300&vertical=center','(801)992-4147',1,1,'paulruth@gmail.com',1,'2024-04-16 14:51:05.655577',71),(24,'Angela Ford','https://cdn.dribbble.com/users/3367729/screenshots/6393911/db_minon.jpg?resize=400x300&vertical=center','+1-998-276-9755x4928',1,1,'gonzalezlawrence@gmail.com',1,'2024-04-16 14:51:05.656544',73),(25,'Kathryn Reeves','https://cdn.dribbble.com/users/3367729/screenshots/6393911/db_minon.jpg?resize=400x300&vertical=center','001-905-909-4904x4048',1,1,'stacy69@gmail.com',1,'2024-04-16 14:51:05.657538',74),(26,'Carolyn Rowe','https://cdn.dribbble.com/users/3367729/screenshots/6393911/db_minon.jpg?resize=400x300&vertical=center','3205438253',1,1,'daniel88@gmail.com',1,'2024-04-16 14:51:05.659544',77),(27,'Michael Evans','https://cdn.dribbble.com/users/3367729/screenshots/6393911/db_minon.jpg?resize=400x300&vertical=center','001-831-844-7154x902',1,1,'jeremiahwyatt@gmail.com',1,'2024-04-16 14:51:05.660538',78),(28,'Daniel York','https://cdn.dribbble.com/users/3367729/screenshots/6393911/db_minon.jpg?resize=400x300&vertical=center','812.788.6744',1,1,'hodgebenjamin@gmail.com',1,'2024-04-16 14:51:05.662542',81),(29,'Jessica Copeland','https://cdn.dribbble.com/users/3367729/screenshots/6393911/db_minon.jpg?resize=400x300&vertical=center','+1-395-731-4832x8776',1,1,'daniel39@gmail.com',1,'2024-04-16 14:51:05.663586',82),(30,'Lori Baker','https://cdn.dribbble.com/users/3367729/screenshots/6393911/db_minon.jpg?resize=400x300&vertical=center','669-587-8018x3758',1,1,'ameyers@gmail.com',1,'2024-04-16 14:51:05.665586',83),(31,'Trevor Davis','https://cdn.dribbble.com/users/3367729/screenshots/6393911/db_minon.jpg?resize=400x300&vertical=center','001-701-944-3198x510',1,1,'nolanjustin@gmail.com',1,'2024-04-16 14:51:05.667585',89),(32,'Mark Jacobs','https://cdn.dribbble.com/users/3367729/screenshots/6393911/db_minon.jpg?resize=400x300&vertical=center','536.941.3710x8182',1,1,'loganterry@gmail.com',1,'2024-04-16 14:51:05.668624',90),(33,'Kimberly Fritz','https://cdn.dribbble.com/users/3367729/screenshots/6393911/db_minon.jpg?resize=400x300&vertical=center','(546)273-4768x4431',1,1,'david53@gmail.com',1,'2024-04-16 14:51:05.669584',97),(34,'Tiffany White','https://cdn.dribbble.com/users/3367729/screenshots/6393911/db_minon.jpg?resize=400x300&vertical=center','+1-723-663-4630x497',1,1,'penny23@gmail.com',1,'2024-04-16 14:51:05.670587',99),(35,'Brad Rodgers','https://cdn.dribbble.com/users/3367729/screenshots/6393911/db_minon.jpg?resize=400x300&vertical=center','001-612-251-8757x649',1,1,'xrogers@gmail.com',1,'2024-04-16 14:51:05.672698',100);
/*!40000 ALTER TABLE `bus_station_transportationcompany` ENABLE KEYS */;
UNLOCK TABLES;

--
-- Table structure for table `bus_station_trip`
--

DROP TABLE IF EXISTS `bus_station_trip`;
/*!40101 SET @saved_cs_client     = @@character_set_client */;
/*!50503 SET character_set_client = utf8mb4 */;
CREATE TABLE `bus_station_trip` (
  `id` bigint NOT NULL AUTO_INCREMENT,
  `seat_price` double NOT NULL,
  `cargo_price` double NOT NULL,
  `created_at` datetime(6) NOT NULL,
  `is_active` tinyint(1) NOT NULL,
  `depart_at` datetime(6) NOT NULL,
  `car_id` bigint NOT NULL,
  `route_id` bigint NOT NULL,
  PRIMARY KEY (`id`),
  KEY `bus_station_trip_car_id_f668d6d1_fk_bus_station_car_id` (`car_id`),
  KEY `bus_station_trip_route_id_f080e220_fk_bus_station_route_id` (`route_id`),
  CONSTRAINT `bus_station_trip_car_id_f668d6d1_fk_bus_station_car_id` FOREIGN KEY (`car_id`) REFERENCES `bus_station_car` (`id`),
  CONSTRAINT `bus_station_trip_route_id_f080e220_fk_bus_station_route_id` FOREIGN KEY (`route_id`) REFERENCES `bus_station_route` (`id`)
) ENGINE=InnoDB AUTO_INCREMENT=36 DEFAULT CHARSET=utf8mb4 COLLATE=utf8mb4_unicode_ci;
/*!40101 SET character_set_client = @saved_cs_client */;

--
-- Dumping data for table `bus_station_trip`
--

LOCK TABLES `bus_station_trip` WRITE;
/*!40000 ALTER TABLE `bus_station_trip` DISABLE KEYS */;
INSERT INTO `bus_station_trip` VALUES (1,50000,40000,'2024-04-16 14:51:05.717401',1,'2024-09-03 21:51:05.717401',5,1),(2,50000,10000,'2024-04-16 14:51:05.719401',1,'2025-03-04 21:51:05.719401',3,2),(3,80000,30000,'2024-04-16 14:51:05.721401',1,'2024-10-01 21:51:05.720401',6,3),(4,60000,50000,'2024-04-16 14:51:05.723444',1,'2025-02-04 21:51:05.722405',6,4),(5,60000,10000,'2024-04-16 14:51:05.725444',1,'2025-01-28 21:51:05.724447',6,5),(6,60000,20000,'2024-04-16 14:51:05.727444',1,'2024-09-17 21:51:05.727444',5,6),(7,50000,50000,'2024-04-16 14:51:05.728445',1,'2024-10-29 21:51:05.728445',2,7),(8,90000,10000,'2024-04-16 14:51:05.730446',1,'2024-09-10 21:51:05.730446',3,8),(9,80000,10000,'2024-04-16 14:51:05.732445',1,'2024-11-12 21:51:05.731445',1,9),(10,50000,40000,'2024-04-16 14:51:05.733962',1,'2024-09-03 21:51:05.733962',3,10),(11,90000,10000,'2024-04-16 14:51:05.734968',1,'2024-11-12 21:51:05.734968',5,11),(12,50000,10000,'2024-04-16 14:51:05.736965',1,'2024-09-24 21:51:05.735964',7,12),(13,60000,40000,'2024-04-16 14:51:05.737962',1,'2024-09-03 21:51:05.737962',7,13),(14,60000,30000,'2024-04-16 14:51:05.739962',1,'2025-01-28 21:51:05.738963',5,14),(15,50000,30000,'2024-04-16 14:51:05.740963',1,'2024-09-10 21:51:05.740963',7,15),(16,70000,40000,'2024-04-16 14:51:05.742469',1,'2025-03-04 21:51:05.742469',1,16),(17,80000,10000,'2024-04-16 14:51:05.743474',1,'2024-11-26 21:51:05.743474',1,17),(18,50000,50000,'2024-04-16 14:51:05.744476',1,'2024-12-03 21:51:05.744476',10,18),(19,60000,20000,'2024-04-16 14:51:05.746475',1,'2024-10-15 21:51:05.745474',2,19),(20,50000,40000,'2024-04-16 14:51:05.747487',1,'2024-09-10 21:51:05.747487',9,20),(21,90000,10000,'2024-04-16 14:51:05.748475',1,'2025-02-25 21:51:05.748475',3,21),(22,80000,30000,'2024-04-16 14:51:05.749479',1,'2024-11-12 21:51:05.749479',1,22),(23,70000,10000,'2024-04-16 14:51:05.751475',1,'2025-03-18 21:51:05.751475',6,23),(24,70000,30000,'2024-04-16 14:51:05.752477',1,'2024-11-26 21:51:05.752477',10,24),(25,60000,30000,'2024-04-16 14:51:05.754765',1,'2024-11-05 21:51:05.753764',7,25),(26,70000,50000,'2024-04-16 14:51:05.755764',1,'2024-12-24 21:51:05.755764',5,26),(27,60000,10000,'2024-04-16 14:51:05.757764',1,'2025-01-21 21:51:05.756763',9,27),(28,80000,20000,'2024-04-16 14:51:05.758765',1,'2024-12-17 21:51:05.758765',8,28),(29,50000,30000,'2024-04-16 14:51:05.760765',1,'2025-03-11 21:51:05.760765',1,29),(30,100000,40000,'2024-04-16 14:51:05.763271',1,'2024-09-03 21:51:05.762764',7,30),(31,70000,20000,'2024-04-16 14:51:05.764280',1,'2025-02-18 21:51:05.764280',10,31),(32,100000,30000,'2024-04-16 14:51:05.766278',1,'2024-10-08 21:51:05.766278',4,32),(33,90000,10000,'2024-04-16 14:51:05.767282',1,'2024-09-10 21:51:05.767282',1,33),(34,50000,50000,'2024-04-16 14:51:05.769278',1,'2024-09-24 21:51:05.769278',6,34),(35,60000,20000,'2024-04-16 14:51:05.770784',1,'2024-10-01 21:51:05.770784',3,35);
/*!40000 ALTER TABLE `bus_station_trip` ENABLE KEYS */;
UNLOCK TABLES;

--
-- Table structure for table `bus_station_user`
--

DROP TABLE IF EXISTS `bus_station_user`;
/*!40101 SET @saved_cs_client     = @@character_set_client */;
/*!50503 SET character_set_client = utf8mb4 */;
CREATE TABLE `bus_station_user` (
  `id` bigint NOT NULL AUTO_INCREMENT,
  `username` varchar(255) COLLATE utf8mb4_unicode_ci NOT NULL,
  `first_name` varchar(255) COLLATE utf8mb4_unicode_ci DEFAULT NULL,
  `last_name` varchar(255) COLLATE utf8mb4_unicode_ci DEFAULT NULL,
  `password` varchar(255) COLLATE utf8mb4_unicode_ci NOT NULL,
  `email` varchar(254) COLLATE utf8mb4_unicode_ci NOT NULL,
  `phone` varchar(50) COLLATE utf8mb4_unicode_ci DEFAULT NULL,
  `avatar` varchar(255) COLLATE utf8mb4_unicode_ci DEFAULT NULL,
  `created_at` datetime(6) NOT NULL,
  `is_active` tinyint(1) NOT NULL,
  `role_id` bigint NOT NULL,
  PRIMARY KEY (`id`),
  UNIQUE KEY `username` (`username`),
  UNIQUE KEY `email` (`email`),
  KEY `bus_station_user_role_id_4e60cc02_fk_bus_station_role_id` (`role_id`),
  CONSTRAINT `bus_station_user_role_id_4e60cc02_fk_bus_station_role_id` FOREIGN KEY (`role_id`) REFERENCES `bus_station_role` (`id`)
) ENGINE=InnoDB AUTO_INCREMENT=103 DEFAULT CHARSET=utf8mb4 COLLATE=utf8mb4_unicode_ci;
/*!40101 SET character_set_client = @saved_cs_client */;

--
-- Dumping data for table `bus_station_user`
--

LOCK TABLES `bus_station_user` WRITE;
/*!40000 ALTER TABLE `bus_station_user` DISABLE KEYS */;
INSERT INTO `bus_station_user` VALUES (1,'nicholasharrington','Patricia','Navarro','$2a$10$71E6n4s9RYAH/VamU.fJgO0czyA4.Z8X2gTrIHw4JBBCXqFsR3OBm','fernandolee@example.net','371.453.3435','https://cdn.dribbble.com/users/3367729/screenshots/6393911/db_minon.jpg?resize=400x300&vertical=center','2024-04-16 21:51:04.695947',1,3),(2,'allisonpeterson','Christine','Collins','$2a$10$71E6n4s9RYAH/VamU.fJgO0czyA4.Z8X2gTrIHw4JBBCXqFsR3OBm','taylorclark@example.org','001-991-376-0408x3783','https://cdn.dribbble.com/users/3367729/screenshots/6393911/db_minon.jpg?resize=400x300&vertical=center','2024-04-16 21:51:04.695947',1,1),(3,'jonathanalvarez','Jessica','Miller','$2a$10$71E6n4s9RYAH/VamU.fJgO0czyA4.Z8X2gTrIHw4JBBCXqFsR3OBm','kevin53@example.com','876.207.4072','https://cdn.dribbble.com/users/3367729/screenshots/6393911/db_minon.jpg?resize=400x300&vertical=center','2024-04-16 21:51:04.695947',1,1),(4,'jeffrey59','Jessica','Day','$2a$10$71E6n4s9RYAH/VamU.fJgO0czyA4.Z8X2gTrIHw4JBBCXqFsR3OBm','cantubob@example.com','5475408441','https://cdn.dribbble.com/users/3367729/screenshots/6393911/db_minon.jpg?resize=400x300&vertical=center','2024-04-16 21:51:04.695947',1,2),(5,'uharris','Sarah','Matthews','$2a$10$71E6n4s9RYAH/VamU.fJgO0czyA4.Z8X2gTrIHw4JBBCXqFsR3OBm','kylekim@example.org','750.272.3249','https://cdn.dribbble.com/users/3367729/screenshots/6393911/db_minon.jpg?resize=400x300&vertical=center','2024-04-16 21:51:04.695947',1,2),(6,'amanda88','Julie','Craig','$2a$10$71E6n4s9RYAH/VamU.fJgO0czyA4.Z8X2gTrIHw4JBBCXqFsR3OBm','eschmidt@example.net','474-657-3145x032','https://cdn.dribbble.com/users/3367729/screenshots/6393911/db_minon.jpg?resize=400x300&vertical=center','2024-04-16 21:51:04.695947',1,2),(7,'esmith','Jeff','Jackson','$2a$10$71E6n4s9RYAH/VamU.fJgO0czyA4.Z8X2gTrIHw4JBBCXqFsR3OBm','matthew95@example.net','(758)784-6551x042','https://cdn.dribbble.com/users/3367729/screenshots/6393911/db_minon.jpg?resize=400x300&vertical=center','2024-04-16 21:51:04.695947',1,3),(8,'gillespiekendra','Michael','Cochran','$2a$10$71E6n4s9RYAH/VamU.fJgO0czyA4.Z8X2gTrIHw4JBBCXqFsR3OBm','justin87@example.com','001-406-565-5989','https://cdn.dribbble.com/users/3367729/screenshots/6393911/db_minon.jpg?resize=400x300&vertical=center','2024-04-16 21:51:04.695947',1,1),(9,'nguyensusan','Julia','Johnson','$2a$10$71E6n4s9RYAH/VamU.fJgO0czyA4.Z8X2gTrIHw4JBBCXqFsR3OBm','matthew57@example.com','8166283812','https://cdn.dribbble.com/users/3367729/screenshots/6393911/db_minon.jpg?resize=400x300&vertical=center','2024-04-16 21:51:04.695947',1,3),(10,'csmith','Brian','Martinez','$2a$10$71E6n4s9RYAH/VamU.fJgO0czyA4.Z8X2gTrIHw4JBBCXqFsR3OBm','shannon64@example.net','+1-845-785-0892','https://cdn.dribbble.com/users/3367729/screenshots/6393911/db_minon.jpg?resize=400x300&vertical=center','2024-04-16 21:51:04.695947',1,2),(11,'jenniferhartman','Courtney','Nguyen','$2a$10$71E6n4s9RYAH/VamU.fJgO0czyA4.Z8X2gTrIHw4JBBCXqFsR3OBm','powersthomas@example.org','+1-760-873-0575x576','https://cdn.dribbble.com/users/3367729/screenshots/6393911/db_minon.jpg?resize=400x300&vertical=center','2024-04-16 21:51:04.695947',1,1),(12,'christensenkellie','Jason','Sandoval','$2a$10$71E6n4s9RYAH/VamU.fJgO0czyA4.Z8X2gTrIHw4JBBCXqFsR3OBm','gardnernicole@example.com','(734)794-1193','https://cdn.dribbble.com/users/3367729/screenshots/6393911/db_minon.jpg?resize=400x300&vertical=center','2024-04-16 21:51:04.695947',1,3),(13,'stuartwilliams','Adam','Burch','$2a$10$71E6n4s9RYAH/VamU.fJgO0czyA4.Z8X2gTrIHw4JBBCXqFsR3OBm','eric54@example.org','001-610-736-1177x9775','https://cdn.dribbble.com/users/3367729/screenshots/6393911/db_minon.jpg?resize=400x300&vertical=center','2024-04-16 21:51:04.695947',1,3),(14,'jasonrivera','David','Rogers','$2a$10$71E6n4s9RYAH/VamU.fJgO0czyA4.Z8X2gTrIHw4JBBCXqFsR3OBm','xdiaz@example.org','452.201.7307x66485','https://cdn.dribbble.com/users/3367729/screenshots/6393911/db_minon.jpg?resize=400x300&vertical=center','2024-04-16 21:51:04.695947',1,3),(15,'cummingscharles','Clinton','Smith','$2a$10$71E6n4s9RYAH/VamU.fJgO0czyA4.Z8X2gTrIHw4JBBCXqFsR3OBm','fosterlisa@example.com','329-349-4623','https://cdn.dribbble.com/users/3367729/screenshots/6393911/db_minon.jpg?resize=400x300&vertical=center','2024-04-16 21:51:04.695947',1,3),(16,'wshaw','David','Bell','$2a$10$71E6n4s9RYAH/VamU.fJgO0czyA4.Z8X2gTrIHw4JBBCXqFsR3OBm','clarkalexander@example.org','5214078636','https://cdn.dribbble.com/users/3367729/screenshots/6393911/db_minon.jpg?resize=400x300&vertical=center','2024-04-16 21:51:04.695947',1,2),(17,'robinsonrichard','Alicia','Fisher','$2a$10$71E6n4s9RYAH/VamU.fJgO0czyA4.Z8X2gTrIHw4JBBCXqFsR3OBm','amyers@example.net','(798)852-3710','https://cdn.dribbble.com/users/3367729/screenshots/6393911/db_minon.jpg?resize=400x300&vertical=center','2024-04-16 21:51:04.695947',1,2),(18,'margaret98','Brad','Mora','$2a$10$71E6n4s9RYAH/VamU.fJgO0czyA4.Z8X2gTrIHw4JBBCXqFsR3OBm','vwashington@example.com','594-303-6091','https://cdn.dribbble.com/users/3367729/screenshots/6393911/db_minon.jpg?resize=400x300&vertical=center','2024-04-16 21:51:04.695947',1,3),(19,'susan98','Stephanie','Gilbert','$2a$10$71E6n4s9RYAH/VamU.fJgO0czyA4.Z8X2gTrIHw4JBBCXqFsR3OBm','baileybarbara@example.com','585.965.3941','https://cdn.dribbble.com/users/3367729/screenshots/6393911/db_minon.jpg?resize=400x300&vertical=center','2024-04-16 21:51:04.695947',1,2),(20,'duarteapril','Andrew','Anderson','$2a$10$71E6n4s9RYAH/VamU.fJgO0czyA4.Z8X2gTrIHw4JBBCXqFsR3OBm','rickymcmahon@example.net','001-928-255-1392x09391','https://cdn.dribbble.com/users/3367729/screenshots/6393911/db_minon.jpg?resize=400x300&vertical=center','2024-04-16 21:51:04.695947',1,3),(21,'rross','Jacob','Parks','$2a$10$71E6n4s9RYAH/VamU.fJgO0czyA4.Z8X2gTrIHw4JBBCXqFsR3OBm','sheenaharris@example.com','550.875.0827x0377','https://cdn.dribbble.com/users/3367729/screenshots/6393911/db_minon.jpg?resize=400x300&vertical=center','2024-04-16 21:51:04.695947',1,3),(22,'mmorales','Jacob','Black','$2a$10$71E6n4s9RYAH/VamU.fJgO0czyA4.Z8X2gTrIHw4JBBCXqFsR3OBm','anthonybowman@example.net','9498662885','https://cdn.dribbble.com/users/3367729/screenshots/6393911/db_minon.jpg?resize=400x300&vertical=center','2024-04-16 21:51:04.695947',1,2),(23,'qperez','Carly','Stephenson','$2a$10$71E6n4s9RYAH/VamU.fJgO0czyA4.Z8X2gTrIHw4JBBCXqFsR3OBm','kristen14@example.org','(740)634-2442','https://cdn.dribbble.com/users/3367729/screenshots/6393911/db_minon.jpg?resize=400x300&vertical=center','2024-04-16 21:51:04.695947',1,2),(24,'jasonhayes','Sarah','Long','$2a$10$71E6n4s9RYAH/VamU.fJgO0czyA4.Z8X2gTrIHw4JBBCXqFsR3OBm','goldenlori@example.net','(966)233-5026x2897','https://cdn.dribbble.com/users/3367729/screenshots/6393911/db_minon.jpg?resize=400x300&vertical=center','2024-04-16 21:51:04.695947',1,2),(25,'peggywright','Laura','Adkins','$2a$10$71E6n4s9RYAH/VamU.fJgO0czyA4.Z8X2gTrIHw4JBBCXqFsR3OBm','aharrison@example.com','338-419-2244x97385','https://cdn.dribbble.com/users/3367729/screenshots/6393911/db_minon.jpg?resize=400x300&vertical=center','2024-04-16 21:51:04.695947',1,3),(26,'brittany50','Alyssa','Nixon','$2a$10$71E6n4s9RYAH/VamU.fJgO0czyA4.Z8X2gTrIHw4JBBCXqFsR3OBm','whitekyle@example.com','533-979-8580x093','https://cdn.dribbble.com/users/3367729/screenshots/6393911/db_minon.jpg?resize=400x300&vertical=center','2024-04-16 21:51:04.695947',1,3),(27,'lisa46','Kyle','Hudson','$2a$10$71E6n4s9RYAH/VamU.fJgO0czyA4.Z8X2gTrIHw4JBBCXqFsR3OBm','jacobsmith@example.net','9879765810','https://cdn.dribbble.com/users/3367729/screenshots/6393911/db_minon.jpg?resize=400x300&vertical=center','2024-04-16 21:51:04.695947',1,1),(28,'emma19','Sarah','Adkins','$2a$10$71E6n4s9RYAH/VamU.fJgO0czyA4.Z8X2gTrIHw4JBBCXqFsR3OBm','tammy31@example.org','(955)917-2628','https://cdn.dribbble.com/users/3367729/screenshots/6393911/db_minon.jpg?resize=400x300&vertical=center','2024-04-16 21:51:04.695947',1,1),(29,'billyjones','Michaela','Jones','$2a$10$71E6n4s9RYAH/VamU.fJgO0czyA4.Z8X2gTrIHw4JBBCXqFsR3OBm','erica12@example.com','(698)633-0154x4972','https://cdn.dribbble.com/users/3367729/screenshots/6393911/db_minon.jpg?resize=400x300&vertical=center','2024-04-16 21:51:04.695947',1,2),(30,'patriciaedwards','Audrey','Clayton','$2a$10$71E6n4s9RYAH/VamU.fJgO0czyA4.Z8X2gTrIHw4JBBCXqFsR3OBm','angelaguerra@example.com','001-501-721-0991x258','https://cdn.dribbble.com/users/3367729/screenshots/6393911/db_minon.jpg?resize=400x300&vertical=center','2024-04-16 21:51:04.695947',1,1),(31,'arnoldpatricia','Phyllis','Ruiz','$2a$10$71E6n4s9RYAH/VamU.fJgO0czyA4.Z8X2gTrIHw4JBBCXqFsR3OBm','vphillips@example.net','001-749-719-5125','https://cdn.dribbble.com/users/3367729/screenshots/6393911/db_minon.jpg?resize=400x300&vertical=center','2024-04-16 21:51:04.695947',1,2),(32,'jbradshaw','Joshua','White','$2a$10$71E6n4s9RYAH/VamU.fJgO0czyA4.Z8X2gTrIHw4JBBCXqFsR3OBm','marie12@example.com','295-486-6200','https://cdn.dribbble.com/users/3367729/screenshots/6393911/db_minon.jpg?resize=400x300&vertical=center','2024-04-16 21:51:04.695947',1,3),(33,'meganfrancis','James','Stafford','$2a$10$71E6n4s9RYAH/VamU.fJgO0czyA4.Z8X2gTrIHw4JBBCXqFsR3OBm','derek10@example.com','+1-745-843-1024x24371','https://cdn.dribbble.com/users/3367729/screenshots/6393911/db_minon.jpg?resize=400x300&vertical=center','2024-04-16 21:51:04.695947',1,2),(34,'amy15','Deborah','Peterson','$2a$10$71E6n4s9RYAH/VamU.fJgO0czyA4.Z8X2gTrIHw4JBBCXqFsR3OBm','ernestmcdaniel@example.com','001-744-427-5003','https://cdn.dribbble.com/users/3367729/screenshots/6393911/db_minon.jpg?resize=400x300&vertical=center','2024-04-16 21:51:04.695947',1,1),(35,'stevengoodwin','Stephanie','King','$2a$10$71E6n4s9RYAH/VamU.fJgO0czyA4.Z8X2gTrIHw4JBBCXqFsR3OBm','lynnandrews@example.com','+1-377-513-1556','https://cdn.dribbble.com/users/3367729/screenshots/6393911/db_minon.jpg?resize=400x300&vertical=center','2024-04-16 21:51:04.695947',1,2),(36,'christopher60','Margaret','Smith','$2a$10$71E6n4s9RYAH/VamU.fJgO0czyA4.Z8X2gTrIHw4JBBCXqFsR3OBm','john66@example.com','001-951-742-1374','https://cdn.dribbble.com/users/3367729/screenshots/6393911/db_minon.jpg?resize=400x300&vertical=center','2024-04-16 21:51:04.695947',1,2),(37,'bailey72','Elizabeth','Meyer','$2a$10$71E6n4s9RYAH/VamU.fJgO0czyA4.Z8X2gTrIHw4JBBCXqFsR3OBm','greenchristopher@example.org','+1-769-536-8834x314','https://cdn.dribbble.com/users/3367729/screenshots/6393911/db_minon.jpg?resize=400x300&vertical=center','2024-04-16 21:51:04.695947',1,1),(38,'ashleyhill','Yvonne','Bell','$2a$10$71E6n4s9RYAH/VamU.fJgO0czyA4.Z8X2gTrIHw4JBBCXqFsR3OBm','craig47@example.com','001-375-630-4068x453','https://cdn.dribbble.com/users/3367729/screenshots/6393911/db_minon.jpg?resize=400x300&vertical=center','2024-04-16 21:51:04.695947',1,2),(39,'hartlaura','Lori','Marsh','$2a$10$71E6n4s9RYAH/VamU.fJgO0czyA4.Z8X2gTrIHw4JBBCXqFsR3OBm','lpowell@example.com','767-679-2966x73637','https://cdn.dribbble.com/users/3367729/screenshots/6393911/db_minon.jpg?resize=400x300&vertical=center','2024-04-16 21:51:04.695947',1,1),(40,'wilsonjane','Tonya','Johnson','$2a$10$71E6n4s9RYAH/VamU.fJgO0czyA4.Z8X2gTrIHw4JBBCXqFsR3OBm','jacob70@example.net','(451)655-8740','https://cdn.dribbble.com/users/3367729/screenshots/6393911/db_minon.jpg?resize=400x300&vertical=center','2024-04-16 21:51:04.695947',1,1),(41,'larmstrong','Jerry','Washington','$2a$10$71E6n4s9RYAH/VamU.fJgO0czyA4.Z8X2gTrIHw4JBBCXqFsR3OBm','xroach@example.com','+1-715-826-2334x400','https://cdn.dribbble.com/users/3367729/screenshots/6393911/db_minon.jpg?resize=400x300&vertical=center','2024-04-16 21:51:04.695947',1,2),(42,'jamierichardson','Vanessa','Hill','$2a$10$71E6n4s9RYAH/VamU.fJgO0czyA4.Z8X2gTrIHw4JBBCXqFsR3OBm','colemanmatthew@example.com','001-772-346-1506','https://cdn.dribbble.com/users/3367729/screenshots/6393911/db_minon.jpg?resize=400x300&vertical=center','2024-04-16 21:51:04.695947',1,1),(43,'raymondrichards','Toni','Rodriguez','$2a$10$71E6n4s9RYAH/VamU.fJgO0czyA4.Z8X2gTrIHw4JBBCXqFsR3OBm','powersmelissa@example.org','(202)527-9151','https://cdn.dribbble.com/users/3367729/screenshots/6393911/db_minon.jpg?resize=400x300&vertical=center','2024-04-16 21:51:04.695947',1,2),(44,'michaeldominguez','Timothy','Keller','$2a$10$71E6n4s9RYAH/VamU.fJgO0czyA4.Z8X2gTrIHw4JBBCXqFsR3OBm','johnny45@example.com','(509)810-5953','https://cdn.dribbble.com/users/3367729/screenshots/6393911/db_minon.jpg?resize=400x300&vertical=center','2024-04-16 21:51:04.695947',1,3),(45,'christopherwatson','Patrick','Pitts','$2a$10$71E6n4s9RYAH/VamU.fJgO0czyA4.Z8X2gTrIHw4JBBCXqFsR3OBm','vhoward@example.net','+1-597-587-5869x848','https://cdn.dribbble.com/users/3367729/screenshots/6393911/db_minon.jpg?resize=400x300&vertical=center','2024-04-16 21:51:04.695947',1,2),(46,'tracy27','David','Miller','$2a$10$71E6n4s9RYAH/VamU.fJgO0czyA4.Z8X2gTrIHw4JBBCXqFsR3OBm','tjackson@example.net','(229)562-6409x003','https://cdn.dribbble.com/users/3367729/screenshots/6393911/db_minon.jpg?resize=400x300&vertical=center','2024-04-16 21:51:04.695947',1,2),(47,'vrowland','Kenneth','Jenkins','$2a$10$71E6n4s9RYAH/VamU.fJgO0czyA4.Z8X2gTrIHw4JBBCXqFsR3OBm','kimshawn@example.com','609.636.2612x14992','https://cdn.dribbble.com/users/3367729/screenshots/6393911/db_minon.jpg?resize=400x300&vertical=center','2024-04-16 21:51:04.695947',1,2),(48,'gregorysims','Samantha','Mcclain','$2a$10$71E6n4s9RYAH/VamU.fJgO0czyA4.Z8X2gTrIHw4JBBCXqFsR3OBm','hughesrachel@example.com','951-540-3974','https://cdn.dribbble.com/users/3367729/screenshots/6393911/db_minon.jpg?resize=400x300&vertical=center','2024-04-16 21:51:04.695947',1,1),(49,'toddsimmons','Destiny','Foster','$2a$10$71E6n4s9RYAH/VamU.fJgO0czyA4.Z8X2gTrIHw4JBBCXqFsR3OBm','obrientyler@example.com','898.294.0645x1042','https://cdn.dribbble.com/users/3367729/screenshots/6393911/db_minon.jpg?resize=400x300&vertical=center','2024-04-16 21:51:04.695947',1,1),(50,'unewman','Ryan','Castaneda','$2a$10$71E6n4s9RYAH/VamU.fJgO0czyA4.Z8X2gTrIHw4JBBCXqFsR3OBm','shellyrodriguez@example.net','550-680-8625','https://cdn.dribbble.com/users/3367729/screenshots/6393911/db_minon.jpg?resize=400x300&vertical=center','2024-04-16 21:51:04.695947',1,1),(51,'carol27','Gerald','Ayala','$2a$10$71E6n4s9RYAH/VamU.fJgO0czyA4.Z8X2gTrIHw4JBBCXqFsR3OBm','jwood@example.com','453.829.5693x49051','https://cdn.dribbble.com/users/3367729/screenshots/6393911/db_minon.jpg?resize=400x300&vertical=center','2024-04-16 21:51:04.695947',1,3),(52,'gpope','Joseph','Spears','$2a$10$71E6n4s9RYAH/VamU.fJgO0czyA4.Z8X2gTrIHw4JBBCXqFsR3OBm','garciadavid@example.com','742.295.9193x1839','https://cdn.dribbble.com/users/3367729/screenshots/6393911/db_minon.jpg?resize=400x300&vertical=center','2024-04-16 21:51:04.695947',1,1),(53,'jason54','Molly','Walter','$2a$10$71E6n4s9RYAH/VamU.fJgO0czyA4.Z8X2gTrIHw4JBBCXqFsR3OBm','samuelhood@example.com','516.764.8174x813','https://cdn.dribbble.com/users/3367729/screenshots/6393911/db_minon.jpg?resize=400x300&vertical=center','2024-04-16 21:51:04.695947',1,1),(54,'andrewjohnston','Donna','Martin','$2a$10$71E6n4s9RYAH/VamU.fJgO0czyA4.Z8X2gTrIHw4JBBCXqFsR3OBm','nicoleyoung@example.com','(275)635-8787x212','https://cdn.dribbble.com/users/3367729/screenshots/6393911/db_minon.jpg?resize=400x300&vertical=center','2024-04-16 21:51:04.695947',1,3),(55,'eolson','Christopher','Jackson','$2a$10$71E6n4s9RYAH/VamU.fJgO0czyA4.Z8X2gTrIHw4JBBCXqFsR3OBm','smithandrew@example.org','+1-969-751-9518x685','https://cdn.dribbble.com/users/3367729/screenshots/6393911/db_minon.jpg?resize=400x300&vertical=center','2024-04-16 21:51:04.695947',1,1),(56,'zgallegos','Danielle','Taylor','$2a$10$71E6n4s9RYAH/VamU.fJgO0czyA4.Z8X2gTrIHw4JBBCXqFsR3OBm','smithkaren@example.net','001-463-471-5356x77300','https://cdn.dribbble.com/users/3367729/screenshots/6393911/db_minon.jpg?resize=400x300&vertical=center','2024-04-16 21:51:04.695947',1,3),(57,'hreid','Amanda','Johnson','$2a$10$71E6n4s9RYAH/VamU.fJgO0czyA4.Z8X2gTrIHw4JBBCXqFsR3OBm','clinekatherine@example.com','990.989.7003x269','https://cdn.dribbble.com/users/3367729/screenshots/6393911/db_minon.jpg?resize=400x300&vertical=center','2024-04-16 21:51:04.695947',1,3),(58,'hernandezedward','Rachel','Sanders','$2a$10$71E6n4s9RYAH/VamU.fJgO0czyA4.Z8X2gTrIHw4JBBCXqFsR3OBm','james91@example.net','258-354-2769x95371','https://cdn.dribbble.com/users/3367729/screenshots/6393911/db_minon.jpg?resize=400x300&vertical=center','2024-04-16 21:51:04.695947',1,3),(59,'christopherdeleon','Erin','Roberts','$2a$10$71E6n4s9RYAH/VamU.fJgO0czyA4.Z8X2gTrIHw4JBBCXqFsR3OBm','hrangel@example.net','220.339.3739x198','https://cdn.dribbble.com/users/3367729/screenshots/6393911/db_minon.jpg?resize=400x300&vertical=center','2024-04-16 21:51:04.695947',1,1),(60,'xjackson','Brenda','Lopez','$2a$10$71E6n4s9RYAH/VamU.fJgO0czyA4.Z8X2gTrIHw4JBBCXqFsR3OBm','owhite@example.org','907-311-5161','https://cdn.dribbble.com/users/3367729/screenshots/6393911/db_minon.jpg?resize=400x300&vertical=center','2024-04-16 21:51:04.695947',1,3),(61,'christophermoore','Bruce','White','$2a$10$71E6n4s9RYAH/VamU.fJgO0czyA4.Z8X2gTrIHw4JBBCXqFsR3OBm','paigenewman@example.org','+1-958-677-0833x1259','https://cdn.dribbble.com/users/3367729/screenshots/6393911/db_minon.jpg?resize=400x300&vertical=center','2024-04-16 21:51:04.695947',1,3),(62,'kristine40','Gina','Flores','$2a$10$71E6n4s9RYAH/VamU.fJgO0czyA4.Z8X2gTrIHw4JBBCXqFsR3OBm','millergina@example.com','(376)867-7908x10483','https://cdn.dribbble.com/users/3367729/screenshots/6393911/db_minon.jpg?resize=400x300&vertical=center','2024-04-16 21:51:04.695947',1,2),(63,'zmooney','Christopher','Palmer','$2a$10$71E6n4s9RYAH/VamU.fJgO0czyA4.Z8X2gTrIHw4JBBCXqFsR3OBm','qortiz@example.org','(529)496-7896','https://cdn.dribbble.com/users/3367729/screenshots/6393911/db_minon.jpg?resize=400x300&vertical=center','2024-04-16 21:51:04.695947',1,1),(64,'joyce96','Diana','King','$2a$10$71E6n4s9RYAH/VamU.fJgO0czyA4.Z8X2gTrIHw4JBBCXqFsR3OBm','cameronjackson@example.net','+1-556-483-9412x0034','https://cdn.dribbble.com/users/3367729/screenshots/6393911/db_minon.jpg?resize=400x300&vertical=center','2024-04-16 21:51:04.695947',1,2),(65,'geraldnelson','Dylan','Reed','$2a$10$71E6n4s9RYAH/VamU.fJgO0czyA4.Z8X2gTrIHw4JBBCXqFsR3OBm','carrshaun@example.net','866.365.7368x36525','https://cdn.dribbble.com/users/3367729/screenshots/6393911/db_minon.jpg?resize=400x300&vertical=center','2024-04-16 21:51:04.695947',1,2),(66,'scottelizabeth','Theodore','Boyd','$2a$10$71E6n4s9RYAH/VamU.fJgO0czyA4.Z8X2gTrIHw4JBBCXqFsR3OBm','matthew90@example.net','530-366-7043','https://cdn.dribbble.com/users/3367729/screenshots/6393911/db_minon.jpg?resize=400x300&vertical=center','2024-04-16 21:51:04.695947',1,2),(67,'adamssheila','Kelly','Gordon','$2a$10$71E6n4s9RYAH/VamU.fJgO0czyA4.Z8X2gTrIHw4JBBCXqFsR3OBm','ryan82@example.net','001-331-513-7999','https://cdn.dribbble.com/users/3367729/screenshots/6393911/db_minon.jpg?resize=400x300&vertical=center','2024-04-16 21:51:04.695947',1,2),(68,'julie28','Kelli','James','$2a$10$71E6n4s9RYAH/VamU.fJgO0czyA4.Z8X2gTrIHw4JBBCXqFsR3OBm','rachel11@example.com','001-871-518-9111x84571','https://cdn.dribbble.com/users/3367729/screenshots/6393911/db_minon.jpg?resize=400x300&vertical=center','2024-04-16 21:51:04.695947',1,2),(69,'frank33','Brian','Perry','$2a$10$71E6n4s9RYAH/VamU.fJgO0czyA4.Z8X2gTrIHw4JBBCXqFsR3OBm','fbrown@example.org','(932)739-6493','https://cdn.dribbble.com/users/3367729/screenshots/6393911/db_minon.jpg?resize=400x300&vertical=center','2024-04-16 21:51:04.695947',1,3),(70,'christinarogers','Robert','Quinn','$2a$10$71E6n4s9RYAH/VamU.fJgO0czyA4.Z8X2gTrIHw4JBBCXqFsR3OBm','melissawilliams@example.com','001-866-771-8068x8482','https://cdn.dribbble.com/users/3367729/screenshots/6393911/db_minon.jpg?resize=400x300&vertical=center','2024-04-16 21:51:04.695947',1,2),(71,'keith40','Kellie','Brennan','$2a$10$71E6n4s9RYAH/VamU.fJgO0czyA4.Z8X2gTrIHw4JBBCXqFsR3OBm','barnesmark@example.com','(298)296-9091x65508','https://cdn.dribbble.com/users/3367729/screenshots/6393911/db_minon.jpg?resize=400x300&vertical=center','2024-04-16 21:51:04.695947',1,3),(72,'nicole82','Steven','Edwards','$2a$10$71E6n4s9RYAH/VamU.fJgO0czyA4.Z8X2gTrIHw4JBBCXqFsR3OBm','patelcharles@example.org','571-863-0199','https://cdn.dribbble.com/users/3367729/screenshots/6393911/db_minon.jpg?resize=400x300&vertical=center','2024-04-16 21:51:04.695947',1,1),(73,'paula30','George','Wilson','$2a$10$71E6n4s9RYAH/VamU.fJgO0czyA4.Z8X2gTrIHw4JBBCXqFsR3OBm','millerlaura@example.org','+1-436-607-6217x97955','https://cdn.dribbble.com/users/3367729/screenshots/6393911/db_minon.jpg?resize=400x300&vertical=center','2024-04-16 21:51:04.695947',1,3),(74,'hjohnson','Lisa','Baker','$2a$10$71E6n4s9RYAH/VamU.fJgO0czyA4.Z8X2gTrIHw4JBBCXqFsR3OBm','rjefferson@example.com','811.625.5762','https://cdn.dribbble.com/users/3367729/screenshots/6393911/db_minon.jpg?resize=400x300&vertical=center','2024-04-16 21:51:04.695947',1,3),(75,'danielnguyen','Mary','Burns','$2a$10$71E6n4s9RYAH/VamU.fJgO0czyA4.Z8X2gTrIHw4JBBCXqFsR3OBm','kathleen98@example.com','740.781.1734','https://cdn.dribbble.com/users/3367729/screenshots/6393911/db_minon.jpg?resize=400x300&vertical=center','2024-04-16 21:51:04.695947',1,1),(76,'williamclark','Robin','Payne','$2a$10$71E6n4s9RYAH/VamU.fJgO0czyA4.Z8X2gTrIHw4JBBCXqFsR3OBm','costaamy@example.org','001-528-467-8857x18825','https://cdn.dribbble.com/users/3367729/screenshots/6393911/db_minon.jpg?resize=400x300&vertical=center','2024-04-16 21:51:04.695947',1,1),(77,'crystalbrewer','Brian','Perez','$2a$10$71E6n4s9RYAH/VamU.fJgO0czyA4.Z8X2gTrIHw4JBBCXqFsR3OBm','brightscott@example.com','001-769-685-3342x42969','https://cdn.dribbble.com/users/3367729/screenshots/6393911/db_minon.jpg?resize=400x300&vertical=center','2024-04-16 21:51:04.695947',1,3),(78,'brockjoshua','Dylan','Keller','$2a$10$71E6n4s9RYAH/VamU.fJgO0czyA4.Z8X2gTrIHw4JBBCXqFsR3OBm','john14@example.net','793-501-5405x7434','https://cdn.dribbble.com/users/3367729/screenshots/6393911/db_minon.jpg?resize=400x300&vertical=center','2024-04-16 21:51:04.695947',1,3),(79,'kirkbautista','James','Reilly','$2a$10$71E6n4s9RYAH/VamU.fJgO0czyA4.Z8X2gTrIHw4JBBCXqFsR3OBm','davisamy@example.com','659-893-8112','https://cdn.dribbble.com/users/3367729/screenshots/6393911/db_minon.jpg?resize=400x300&vertical=center','2024-04-16 21:51:04.695947',1,1),(80,'vwilliams','Susan','Frazier','$2a$10$71E6n4s9RYAH/VamU.fJgO0czyA4.Z8X2gTrIHw4JBBCXqFsR3OBm','eedwards@example.net','(573)989-0282','https://cdn.dribbble.com/users/3367729/screenshots/6393911/db_minon.jpg?resize=400x300&vertical=center','2024-04-16 21:51:04.695947',1,1),(81,'jessicamoore','Katherine','Roach','$2a$10$71E6n4s9RYAH/VamU.fJgO0czyA4.Z8X2gTrIHw4JBBCXqFsR3OBm','stephen77@example.com','001-962-618-8525x5679','https://cdn.dribbble.com/users/3367729/screenshots/6393911/db_minon.jpg?resize=400x300&vertical=center','2024-04-16 21:51:04.695947',1,3),(82,'danielhudson','Nathan','Yoder','$2a$10$71E6n4s9RYAH/VamU.fJgO0czyA4.Z8X2gTrIHw4JBBCXqFsR3OBm','ibrooks@example.net','213.289.0883x06439','https://cdn.dribbble.com/users/3367729/screenshots/6393911/db_minon.jpg?resize=400x300&vertical=center','2024-04-16 21:51:04.695947',1,3),(83,'alyssahahn','Valerie','Wheeler','$2a$10$71E6n4s9RYAH/VamU.fJgO0czyA4.Z8X2gTrIHw4JBBCXqFsR3OBm','timothylopez@example.net','6654791393','https://cdn.dribbble.com/users/3367729/screenshots/6393911/db_minon.jpg?resize=400x300&vertical=center','2024-04-16 21:51:04.695947',1,3),(84,'michaelduke','Bobby','Lin','$2a$10$71E6n4s9RYAH/VamU.fJgO0czyA4.Z8X2gTrIHw4JBBCXqFsR3OBm','drodriguez@example.com','+1-728-323-4413x0626','https://cdn.dribbble.com/users/3367729/screenshots/6393911/db_minon.jpg?resize=400x300&vertical=center','2024-04-16 21:51:04.695947',1,1),(85,'richardjames','Tonya','Stanley','$2a$10$71E6n4s9RYAH/VamU.fJgO0czyA4.Z8X2gTrIHw4JBBCXqFsR3OBm','bthompson@example.net','(422)310-8689x189','https://cdn.dribbble.com/users/3367729/screenshots/6393911/db_minon.jpg?resize=400x300&vertical=center','2024-04-16 21:51:04.695947',1,2),(86,'leachrobert','Danielle','Rush','$2a$10$71E6n4s9RYAH/VamU.fJgO0czyA4.Z8X2gTrIHw4JBBCXqFsR3OBm','changdustin@example.org','4305870121','https://cdn.dribbble.com/users/3367729/screenshots/6393911/db_minon.jpg?resize=400x300&vertical=center','2024-04-16 21:51:04.695947',1,1),(87,'debraschaefer','Karen','Washington','$2a$10$71E6n4s9RYAH/VamU.fJgO0czyA4.Z8X2gTrIHw4JBBCXqFsR3OBm','coreyrice@example.com','(911)281-9351x87262','https://cdn.dribbble.com/users/3367729/screenshots/6393911/db_minon.jpg?resize=400x300&vertical=center','2024-04-16 21:51:04.695947',1,1),(88,'bburns','Jose','Rich','$2a$10$71E6n4s9RYAH/VamU.fJgO0czyA4.Z8X2gTrIHw4JBBCXqFsR3OBm','bennettbarry@example.net','+1-300-693-7957x67666','https://cdn.dribbble.com/users/3367729/screenshots/6393911/db_minon.jpg?resize=400x300&vertical=center','2024-04-16 21:51:04.695947',1,2),(89,'mark56','Holly','Abbott','$2a$10$71E6n4s9RYAH/VamU.fJgO0czyA4.Z8X2gTrIHw4JBBCXqFsR3OBm','ywhite@example.com','227-550-4473x83538','https://cdn.dribbble.com/users/3367729/screenshots/6393911/db_minon.jpg?resize=400x300&vertical=center','2024-04-16 21:51:04.695947',1,3),(90,'martintara','Wayne','Rice','$2a$10$71E6n4s9RYAH/VamU.fJgO0czyA4.Z8X2gTrIHw4JBBCXqFsR3OBm','beckbruce@example.net','+1-591-606-5618x8813','https://cdn.dribbble.com/users/3367729/screenshots/6393911/db_minon.jpg?resize=400x300&vertical=center','2024-04-16 21:51:04.695947',1,3),(91,'kking','Alison','Massey','$2a$10$71E6n4s9RYAH/VamU.fJgO0czyA4.Z8X2gTrIHw4JBBCXqFsR3OBm','roberta19@example.org','892-776-2651','https://cdn.dribbble.com/users/3367729/screenshots/6393911/db_minon.jpg?resize=400x300&vertical=center','2024-04-16 21:51:04.695947',1,2),(92,'steven27','Christina','Camacho','$2a$10$71E6n4s9RYAH/VamU.fJgO0czyA4.Z8X2gTrIHw4JBBCXqFsR3OBm','turnerjulie@example.net','001-850-657-3340','https://cdn.dribbble.com/users/3367729/screenshots/6393911/db_minon.jpg?resize=400x300&vertical=center','2024-04-16 21:51:04.695947',1,2),(93,'nking','Julie','Gonzalez','$2a$10$71E6n4s9RYAH/VamU.fJgO0czyA4.Z8X2gTrIHw4JBBCXqFsR3OBm','timothyparker@example.net','001-789-278-4979x912','https://cdn.dribbble.com/users/3367729/screenshots/6393911/db_minon.jpg?resize=400x300&vertical=center','2024-04-16 21:51:04.695947',1,2),(94,'lmahoney','Claudia','Valentine','$2a$10$71E6n4s9RYAH/VamU.fJgO0czyA4.Z8X2gTrIHw4JBBCXqFsR3OBm','jfloyd@example.org','318.839.3103x904','https://cdn.dribbble.com/users/3367729/screenshots/6393911/db_minon.jpg?resize=400x300&vertical=center','2024-04-16 21:51:04.695947',1,1),(95,'justinrubio','Michelle','Stokes','$2a$10$71E6n4s9RYAH/VamU.fJgO0czyA4.Z8X2gTrIHw4JBBCXqFsR3OBm','qmoses@example.com','+1-625-531-0402x839','https://cdn.dribbble.com/users/3367729/screenshots/6393911/db_minon.jpg?resize=400x300&vertical=center','2024-04-16 21:51:04.695947',1,1),(96,'christophermichael','Aaron','Reeves','$2a$10$71E6n4s9RYAH/VamU.fJgO0czyA4.Z8X2gTrIHw4JBBCXqFsR3OBm','tinacastro@example.net','+1-622-657-9729','https://cdn.dribbble.com/users/3367729/screenshots/6393911/db_minon.jpg?resize=400x300&vertical=center','2024-04-16 21:51:04.695947',1,1),(97,'fowlermichael','Madison','Bird','$2a$10$71E6n4s9RYAH/VamU.fJgO0czyA4.Z8X2gTrIHw4JBBCXqFsR3OBm','samuelward@example.net','001-501-635-0099x807','https://cdn.dribbble.com/users/3367729/screenshots/6393911/db_minon.jpg?resize=400x300&vertical=center','2024-04-16 21:51:04.695947',1,3),(98,'perryrichard','Vincent','Atkinson','$2a$10$71E6n4s9RYAH/VamU.fJgO0czyA4.Z8X2gTrIHw4JBBCXqFsR3OBm','millerkenneth@example.org','+1-251-364-0886x439','https://cdn.dribbble.com/users/3367729/screenshots/6393911/db_minon.jpg?resize=400x300&vertical=center','2024-04-16 21:51:04.695947',1,1),(99,'ehamilton','Eduardo','Foley','$2a$10$71E6n4s9RYAH/VamU.fJgO0czyA4.Z8X2gTrIHw4JBBCXqFsR3OBm','ryan90@example.com','+1-808-306-5936x367','https://cdn.dribbble.com/users/3367729/screenshots/6393911/db_minon.jpg?resize=400x300&vertical=center','2024-04-16 21:51:04.695947',1,3),(100,'teresa62','Melody','Singh','$2a$10$71E6n4s9RYAH/VamU.fJgO0czyA4.Z8X2gTrIHw4JBBCXqFsR3OBm','qhuffman@example.org','(763)265-3958x59162','https://cdn.dribbble.com/users/3367729/screenshots/6393911/db_minon.jpg?resize=400x300&vertical=center','2024-04-16 21:51:04.695947',1,3);
/*!40000 ALTER TABLE `bus_station_user` ENABLE KEYS */;
UNLOCK TABLES;
/*!40103 SET TIME_ZONE=@OLD_TIME_ZONE */;

/*!40101 SET SQL_MODE=@OLD_SQL_MODE */;
/*!40014 SET FOREIGN_KEY_CHECKS=@OLD_FOREIGN_KEY_CHECKS */;
/*!40014 SET UNIQUE_CHECKS=@OLD_UNIQUE_CHECKS */;
/*!40101 SET CHARACTER_SET_CLIENT=@OLD_CHARACTER_SET_CLIENT */;
/*!40101 SET CHARACTER_SET_RESULTS=@OLD_CHARACTER_SET_RESULTS */;
/*!40101 SET COLLATION_CONNECTION=@OLD_COLLATION_CONNECTION */;
/*!40111 SET SQL_NOTES=@OLD_SQL_NOTES */;

-- Dump completed on 2024-05-13 15:11:06
